{
  "IcoMoonType": "selection",
  "icons": [
    {
      "icon": {
        "paths": [
          "M128 0c50.322 0 91.429 41.179 91.429 91.429 0 50.322-41.179 91.429-91.429 91.429-50.322 0-91.429-41.179-91.429-91.429 0-50.322 41.179-91.429 91.429-91.429zM128 402.286c50.322 0 91.429 41.179 91.429 91.429 0 50.322-41.179 91.429-91.429 91.429-50.322 0-91.429-41.179-91.429-91.429 0-50.322 41.179-91.429 91.429-91.429zM128 804.571c50.322 0 91.429 41.179 91.429 91.429 0 50.322-41.179 91.429-91.429 91.429-50.322 0-91.429-41.179-91.429-91.429 0-50.322 41.179-91.429 91.429-91.429z"
        ],
        "attrs": [
          {
            "opacity": 0.38
          }
        ],
        "width": 219,
        "isMulticolor": false,
        "isMulticolor2": false,
        "grid": 0,
        "tags": [
          "more"
        ],
        "colorPermutations": {
          "154154154115815815811611711811224224224124119615125525525515273941": [
            {}
          ]
        }
      },
      "attrs": [
        {
          "opacity": 0.38
        }
      ],
      "properties": {
        "order": 230,
        "id": 48,
        "name": "more",
        "prevSize": 32,
        "code": 59694
      },
      "setIdx": 0,
      "setId": 0,
      "iconIdx": 0
    },
    {
      "icon": {
        "paths": [
          "M12.114 12.116c16.154-16.154 42.344-16.154 58.498 0l366.050 366.050c16.152 16.154 16.152 42.344 0 58.498-8.076 8.076-18.664 12.116-29.25 12.116-10.584 0-21.172-4.038-29.25-12.116l-366.048-366.050c-16.152-16.154-16.152-42.344 0-58.498z",
          "M1011.884 1011.884c-16.152 16.154-42.344 16.154-58.498 0l-366.050-366.048c-16.154-16.154-16.154-42.344 0-58.498 8.076-8.080 18.664-12.116 29.248-12.116 10.586 0 21.172 4.038 29.25 12.116l366.050 366.050c16.154 16.152 16.154 42.342 0 58.496z",
          "M583.339 585.795h278.875v-73.143h-352.018v364.795h73.143z",
          "M41.098 363.996l-1.999 73.116 409.196 11.188v-419.514h-73.143v344.344z"
        ],
        "attrs": [
          {
            "fill": "rgb(161, 171, 181)"
          },
          {
            "fill": "rgb(161, 171, 181)"
          },
          {
            "fill": "rgb(161, 171, 181)"
          },
          {
            "fill": "rgb(161, 171, 181)"
          }
        ],
        "isMulticolor": false,
        "isMulticolor2": false,
        "grid": 0,
        "tags": [
          "minimize"
        ],
        "colorPermutations": {
          "154154154115815815811611711811224224224124119615125525525515273941": [
            {
              "f": 4
            },
            {
              "f": 4
            },
            {
              "f": 4
            },
            {
              "f": 4
            }
          ]
        }
      },
      "attrs": [
        {
          "fill": "rgb(161, 171, 181)"
        },
        {
          "fill": "rgb(161, 171, 181)"
        },
        {
          "fill": "rgb(161, 171, 181)"
        },
        {
          "fill": "rgb(161, 171, 181)"
        }
      ],
      "properties": {
        "order": 229,
        "id": 47,
        "name": "minimize",
        "prevSize": 32,
        "code": 59693
      },
      "setIdx": 0,
      "setId": 0,
      "iconIdx": 1
    },
    {
      "icon": {
        "paths": [
          "M895.433 895.038l-254.56-6.525-1.866 63.976 381.916 9.789v-30.252c0.599-3.658 0.599-7.386 0-11.044v-325.779h-68.267v251.142l-340.619-323.745c-15.077-14.135-39.521-14.135-54.598 0-15.075 14.135-15.075 37.051 0 51.186l337.993 321.251z",
          "M125.94 67.241l254.56 6.525 1.866-63.976-381.916-9.789v30.252c-0.599 3.658-0.599 7.386-0 11.044l0 325.779h68.267v-251.142l340.619 323.745c15.077 14.135 39.521 14.135 54.598 0 15.075-14.135 15.075-37.051 0-51.186l-337.993-321.251z"
        ],
        "attrs": [
          {
            "fill": "rgb(161, 171, 181)"
          },
          {
            "fill": "rgb(161, 171, 181)"
          }
        ],
        "isMulticolor": false,
        "isMulticolor2": false,
        "grid": 0,
        "tags": [
          "maximize"
        ],
        "colorPermutations": {
          "154154154115815815811611711811224224224124119615125525525515273941": [
            {
              "f": 4
            },
            {
              "f": 4
            }
          ]
        }
      },
      "attrs": [
        {
          "fill": "rgb(161, 171, 181)"
        },
        {
          "fill": "rgb(161, 171, 181)"
        }
      ],
      "properties": {
        "order": 227,
        "id": 46,
        "name": "maximize",
        "prevSize": 32,
        "code": 59690
      },
      "setIdx": 0,
      "setId": 0,
      "iconIdx": 2
    },
    {
      "icon": {
        "paths": [
          "M614.4 903.68l-379.802-391.68 379.802-391.68-116.941-120.32-497.459 512 497.459 512z"
        ],
        "attrs": [
          {
            "opacity": 0.38
          }
        ],
        "width": 614,
        "isMulticolor": false,
        "isMulticolor2": false,
        "grid": 0,
        "tags": [
          "chevron-left"
        ],
        "colorPermutations": {
          "154154154115815815811611711811224224224124119615125525525515273941": [
            {}
          ]
        }
      },
      "attrs": [
        {
          "opacity": 0.38
        }
      ],
      "properties": {
        "order": 215,
        "id": 44,
        "name": "chevron-left",
        "prevSize": 32,
        "code": 59691
      },
      "setIdx": 0,
      "setId": 0,
      "iconIdx": 3
    },
    {
      "icon": {
        "paths": [
          "M0 903.68l379.802-391.68-379.802-391.68 116.941-120.32 497.459 512-497.459 512z"
        ],
        "attrs": [
          {
            "opacity": 0.38
          }
        ],
        "width": 614,
        "isMulticolor": false,
        "isMulticolor2": false,
        "grid": 0,
        "tags": [
          "chevron-right"
        ],
        "colorPermutations": {
          "154154154115815815811611711811224224224124119615125525525515273941": [
            {}
          ]
        }
      },
      "attrs": [
        {
          "opacity": 0.38
        }
      ],
      "properties": {
        "order": 214,
        "id": 43,
        "name": "chevron-right",
        "prevSize": 32,
        "code": 59692
      },
      "setIdx": 0,
      "setId": 0,
      "iconIdx": 4
    },
    {
      "icon": {
        "paths": [
          "M972.352 171.52c6.208 257.408-54.4 468.096-182.784 631.68-69.76 88.832-156.992 160.64-261.76 216.832-9.536 5.12-22.336 5.504-30.464 0-105.6-55.232-192.96-127.616-262.848-216.768-128.192-163.712-189.376-374.464-182.848-631.744 1.616-14.139 12.607-25.283 26.532-27.119l0.156-0.017c75.692-9.719 143.918-25.865 209.231-48.28l-7.375 2.2c84.923-29.463 156.622-61.359 225.124-98.407l-7.972 3.943c4.216-2.462 9.282-3.916 14.688-3.916s10.472 1.454 14.829 3.992l-0.141-0.076c78.72 40.96 151.68 72.064 217.6 94.336 66.304 22.4 133.952 37.504 202.496 46.144 14.72 1.92 25.216 13.568 25.6 27.136zM910.976 208.96c-0.597-12.227-10.044-22.071-22.040-23.287l-0.104-0.009c-65.718-8.273-125.030-22.185-181.805-41.573l6.381 1.893c-74.008-25.531-136.315-52.939-195.957-84.691l7.285 3.539c-3.659-2.122-8.051-3.373-12.736-3.373s-9.077 1.252-12.86 3.44l0.124-0.066c-67.712 35.2-130.56 61.888-188.16 81.088-57.472 19.2-116.032 32.256-174.976 39.68-12.139 1.588-21.621 11.179-23.028 23.236l-0.012 0.124c-5.696 221.376 47.296 402.496 158.4 543.296 60.544 76.672 136.32 138.88 227.84 186.368 7.040 4.8 18.112 4.416 26.368 0 90.752-48.256 166.4-110.080 226.816-186.368 111.296-140.736 163.84-321.92 158.464-543.36z",
          "M617.536 417.28v-65.6c0-58.24-47.36-105.6-105.6-105.6-58.112 0-105.472 47.36-105.472 105.6v65.728c-23.778 0.953-42.7 20.434-42.752 44.347l-0 0.005v153.28c0 24.512 19.84 44.416 44.352 44.416h207.872c24.488-0.073 44.316-19.923 44.352-44.413l0-0.003v-153.344c-0.052-23.918-18.974-43.399-42.666-44.349l-0.086-0.003zM446.4 351.68c0-36.224 29.44-65.664 65.6-65.664s65.6 29.44 65.6 65.664v65.6h-131.2v-65.664zM620.416 615.040c0 2.432-2.048 4.48-4.48 4.48h-207.872c-2.46-0.036-4.444-2.020-4.48-4.477l-0-0.003v-153.344c0-2.432 2.048-4.48 4.48-4.48h207.872c2.432 0 4.48 2.048 4.48 4.48v153.344z",
          "M512 498.304c-15.367 0.105-27.783 12.586-27.783 27.967 0 7.534 2.979 14.372 7.824 19.401l-0.008-0.009v19.52c0 11.028 8.94 19.968 19.968 19.968s19.968-8.94 19.968-19.968v-19.52c4.94-5.021 7.99-11.914 7.99-19.52 0-15.376-12.464-27.84-27.84-27.84-0.041 0-0.083 0-0.124 0l0.006-0z"
        ],
        "attrs": [
          {
            "fill": "rgb(52, 73, 94)"
          },
          {
            "fill": "rgb(52, 73, 94)"
          },
          {
            "fill": "rgb(52, 73, 94)"
          }
        ],
        "isMulticolor": false,
        "isMulticolor2": false,
        "grid": 0,
        "tags": [
          "secured"
        ],
        "colorPermutations": {
          "154154154115815815811611711811224224224124119615125525525515273941": [
            {
              "f": 0
            },
            {
              "f": 0
            },
            {
              "f": 0
            }
          ]
        }
      },
      "attrs": [
        {
          "fill": "rgb(52, 73, 94)"
        },
        {
          "fill": "rgb(52, 73, 94)"
        },
        {
          "fill": "rgb(52, 73, 94)"
        }
      ],
      "properties": {
        "order": 213,
        "id": 42,
        "name": "secured",
        "prevSize": 32,
        "code": 59687
      },
      "setIdx": 0,
      "setId": 0,
      "iconIdx": 5
    },
    {
      "icon": {
        "paths": [
          "M845.393 176.451c-153.47-43.739-287.424-102.904-410.882-177.661l7.426 4.174c-3.077-1.874-6.798-2.983-10.779-2.983s-7.702 1.109-10.872 3.036l0.093-0.052c-116.066 71.192-250.080 130.423-392.042 170.768l-11.414 2.773c-9.092 2.624-15.63 10.871-15.63 20.645 0 0.018 0 0.035 0 0.053l-0-0.003v219.675c0 226.196 102.939 375.916 189.332 461.716 92.968 92.322 201.189 143.414 240.532 143.414s147.618-51.092 240.532-143.414c86.339-85.8 189.278-235.52 189.278-461.716v-219.675c0-0.031 0-0.068 0-0.104 0-9.774-6.537-18.021-15.478-20.608l-0.151-0.038zM818.553 416.876c0 211.267-95.933 350.963-176.505 430.996-91.405 90.813-189.171 131.126-210.89 131.126s-119.431-40.313-210.89-131.126c-80.519-80.034-176.505-219.729-176.505-430.996v-203.345c147.509-42.956 276.046-99.865 394.897-171.252l-7.502 4.178c111.273 66.595 239.752 123.459 375.29 163.968l12.105 3.106v203.345z",
          "M286.612 467.106c-12.361-12.642-29.588-20.48-48.646-20.48-0.026 0-0.052 0-0.078 0l0.004-0c-18.432 0-35.732 7.276-48.775 20.48-12.47 12.739-20.165 30.195-20.165 49.448s7.695 36.71 20.178 49.461l-0.012-0.012 125.197 126.922c13.043 13.204 30.343 20.48 48.775 20.48s35.732-7.276 48.721-20.48l261.389-265c12.467-12.73 20.161-30.177 20.161-49.421s-7.693-36.691-20.172-49.434l0.012 0.012c-12.361-12.642-29.588-20.48-48.646-20.48-0.045 0-0.090 0-0.135 0l0.007-0c-18.378 0-35.732 7.276-48.721 20.48l-212.615 215.579-76.477-77.555zM605.669 359.478c4.765-4.898 11.419-7.937 18.782-7.937s14.018 3.039 18.776 7.931l0.006 0.006c4.795 4.902 7.754 11.618 7.754 19.025s-2.959 14.122-7.759 19.030l0.005-0.005-261.389 265c-4.762 4.881-11.405 7.909-18.755 7.909s-13.993-3.028-18.75-7.904l-0.005-0.005-125.251-126.922c-4.795-4.902-7.754-11.618-7.754-19.025s2.959-14.122 7.759-19.030l-0.005 0.005c4.765-4.898 11.419-7.937 18.782-7.937s14.018 3.039 18.776 7.931l0.006 0.006 91.459 92.699c3.815 3.876 9.119 6.277 14.983 6.277s11.167-2.401 14.98-6.275l0.003-0.003 227.597-230.777z"
        ],
        "attrs": [
          {
            "fill": "rgb(255, 255, 255)"
          },
          {
            "fill": "rgb(255, 255, 255)"
          }
        ],
        "width": 862,
        "isMulticolor": false,
        "isMulticolor2": false,
        "grid": 0,
        "tags": [
          "secure-shield"
        ],
        "colorPermutations": {
          "154154154115815815811611711811224224224124119615125525525515273941": [
            {
              "f": 6
            },
            {
              "f": 6
            }
          ]
        }
      },
      "attrs": [
        {
          "fill": "rgb(255, 255, 255)"
        },
        {
          "fill": "rgb(255, 255, 255)"
        }
      ],
      "properties": {
        "order": 223,
        "id": 41,
        "name": "secure-shield",
        "prevSize": 32,
        "code": 59688
      },
      "setIdx": 0,
      "setId": 0,
      "iconIdx": 6
    },
    {
      "icon": {
        "paths": [
          "M1024 390.208l-368.128-33.408-143.872-356.8-143.872 357.312-368.128 32.896 279.552 254.912-83.968 378.88 316.416-201.024 316.416 201.024-83.456-378.88z",
          "M948.864 415.488l-315.328-28.608-121.536-301.248-121.536 301.824-315.136 28.16 239.552 218.368-71.296 321.664 268.416-170.56 268.608 170.624-70.848-321.728 239.104-218.496z"
        ],
        "attrs": [
          {
            "fill": "rgb(241, 196, 15)"
          },
          {
            "fill": "none",
            "stroke": "rgb(241, 196, 15)",
            "strokeLinejoin": "miter",
            "strokeLinecap": "butt",
            "strokeMiterlimit": "4",
            "strokeWidth": 64
          }
        ],
        "isMulticolor": false,
        "isMulticolor2": true,
        "grid": 0,
        "tags": [
          "star-filled"
        ],
        "colorPermutations": {
          "154154154115815815811611711811224224224124119615125525525515273941": [
            {
              "f": 1
            },
            {
              "s": 1
            }
          ]
        }
      },
      "attrs": [
        {
          "fill": "rgb(241, 196, 15)"
        },
        {
          "fill": "none",
          "stroke": "rgb(241, 196, 15)",
          "strokeLinejoin": "miter",
          "strokeLinecap": "butt",
          "strokeMiterlimit": "4",
          "strokeWidth": 64
        }
      ],
      "properties": {
        "order": 228,
        "id": 40,
        "name": "star-filled",
        "prevSize": 32,
        "code": 59689
      },
      "setIdx": 0,
      "setId": 0,
      "iconIdx": 7
    },
    {
      "icon": {
        "paths": [
          "M1003.456 221.056l-170.816-212.352c-4.257-5.361-10.774-8.768-18.087-8.768-0.031 0-0.062 0-0.093 0l0.005-0h-605.12c-6.976 0-13.632 3.2-18.176 8.768l-170.688 212.352c-12.8 16-20.544 36.224-20.544 58.24v162.88c0 12.8 10.496 23.232 23.296 23.232h69.76v465.472c0 51.328 41.792 93.12 93.12 93.12h651.648c51.328 0 93.056-41.792 93.056-93.12v-465.472h69.824c12.8 0 23.296-10.432 23.296-23.232v-162.944c0-21.952-7.68-42.24-20.48-58.176zM220.608 46.528h582.848l112.32 139.648h-807.616l112.448-139.648zM837.76 930.88h-651.52v-465.472h651.52v465.472zM93.056 418.88v-139.648h837.76v139.648h-837.696z",
          "M392 704h240c39.744 0 72-28.672 72-64s-32.256-64-72-64h-240c-39.744 0-72 28.672-72 64s32.256 64 72 64zM392 618.688h240c13.184 0 24 9.6 24 21.312s-10.816 21.312-24 21.312h-240c-13.184 0-24-9.6-24-21.312s10.816-21.312 24-21.312z"
        ],
        "attrs": [
          {
            "fill": "rgb(255, 255, 255)",
            "opacity": 0.7
          },
          {
            "fill": "rgb(255, 255, 255)",
            "opacity": 0.7
          }
        ],
        "isMulticolor": false,
        "isMulticolor2": false,
        "grid": 0,
        "tags": [
          "archive"
        ],
        "colorPermutations": {
          "154154154115815815811611711811224224224124119615125525525515273941": [
            {
              "f": 6
            },
            {
              "f": 6
            }
          ]
        }
      },
      "attrs": [
        {
          "fill": "rgb(255, 255, 255)",
          "opacity": 0.7
        },
        {
          "fill": "rgb(255, 255, 255)",
          "opacity": 0.7
        }
      ],
      "properties": {
        "order": 224,
        "id": 38,
        "name": "archive",
        "prevSize": 32,
        "code": 59648
      },
      "setIdx": 0,
      "setId": 0,
      "iconIdx": 8
    },
    {
      "icon": {
        "paths": [
          "M426.688 298.688v469.312c-0.109 94.224-76.463 170.579-170.677 170.688l-0.011 0c-94.224-0.109-170.579-76.463-170.688-170.677l-0-0.011v-576c0-58.816 47.872-106.688 106.688-106.688s106.688 47.872 106.688 106.688v576c0 23.488-19.2 42.688-42.688 42.688-23.547-0.073-42.615-19.141-42.688-42.681l-0-0.007v-469.312h-85.312v469.312c0 70.528 57.472 128 128 128s128-57.472 128-128v-576c0-105.856-86.144-192-192-192s-192 86.144-192 192v576c0 141.184 114.816 256 256 256s256-114.816 256-256v-469.312h-85.312z"
        ],
        "attrs": [
          {
            "opacity": 0.38
          }
        ],
        "width": 512,
        "isMulticolor": false,
        "isMulticolor2": false,
        "grid": 0,
        "tags": [
          "attachment"
        ],
        "colorPermutations": {
          "154154154115815815811611711811224224224124119615125525525515273941": [
            {}
          ]
        }
      },
      "attrs": [
        {
          "opacity": 0.38
        }
      ],
      "properties": {
        "order": 172,
        "id": 37,
        "name": "attachment",
        "prevSize": 32,
        "code": 59649
      },
      "setIdx": 0,
      "setId": 0,
      "iconIdx": 9
    },
    {
      "icon": {
        "paths": [
          "M711.899 495.104c56.897-49.339 92.672-121.737 92.672-202.489 0-0.015-0-0.031-0-0.046l0 0.003c-0.208-148.047-120.168-268.007-268.195-268.215l-0.020-0h-316.928c-0.022-0-0.047-0-0.073-0-26.904 0-48.713 21.81-48.713 48.713 0 0.026 0 0.051 0 0.077l-0-0.004v877.714c0 26.99 21.797 48.786 48.786 48.786h365.714c148.047-0.208 268.007-120.168 268.215-268.195l0-0.020c0-102.107-57.344-190.903-141.458-236.325zM268.215 121.929h268.142c94.241 0.042 170.632 76.407 170.715 170.634l0 0.008c-0.083 94.235-76.474 170.601-170.711 170.642l-268.146 0v-341.285zM585.143 902.071h-316.928v-341.285h316.928c94.21 0.083 170.559 76.433 170.642 170.634l0 0.008c-0.083 94.21-76.433 170.559-170.634 170.642l-0.008 0z"
        ],
        "attrs": [
          {
            "opacity": 0.38
          }
        ],
        "isMulticolor": false,
        "isMulticolor2": false,
        "grid": 0,
        "tags": [
          "bold"
        ],
        "colorPermutations": {
          "154154154115815815811611711811224224224124119615125525525515273941": [
            {}
          ]
        }
      },
      "attrs": [
        {
          "opacity": 0.38
        }
      ],
      "properties": {
        "order": 173,
        "id": 36,
        "name": "bold",
        "prevSize": 32,
        "code": 59650
      },
      "setIdx": 0,
      "setId": 0,
      "iconIdx": 10
    },
    {
      "icon": {
        "paths": [
          "M946.347 240.896l-434.347 434.261-434.347-434.261-64.427 64.512 466.347 466.432c8.227 8.211 19.585 13.288 32.128 13.288s23.901-5.077 32.129-13.289l-0.001 0.001 466.517-466.432-64.085-64.512z"
        ],
        "attrs": [
          {
            "opacity": 0.38
          }
        ],
        "isMulticolor": false,
        "isMulticolor2": false,
        "grid": 0,
        "tags": [
          "chevron-down"
        ],
        "colorPermutations": {
          "154154154115815815811611711811224224224124119615125525525515273941": [
            {}
          ]
        }
      },
      "attrs": [
        {
          "opacity": 0.38
        }
      ],
      "properties": {
        "order": 174,
        "id": 35,
        "name": "chevron-down",
        "prevSize": 32,
        "code": 59651
      },
      "setIdx": 0,
      "setId": 0,
      "iconIdx": 11
    },
    {
      "icon": {
        "paths": [
          "M983.68 312.64c-27.077-63.264-64.094-117.266-109.679-162.671l-0.017-0.017c-92.497-92.642-220.358-149.952-361.605-149.952-0.156 0-0.312 0-0.467 0l0.025-0c-0.212-0-0.462-0-0.713-0-141.153 0-268.913 57.342-361.257 150.002l-0.014 0.014c-92.68 92.504-150.016 220.391-150.016 361.669 0 0.111 0 0.221 0 0.332l-0-0.017c-0 0.231-0.001 0.504-0.001 0.777 0 141.153 57.342 268.913 150.002 361.257l0.014 0.014c92.497 92.642 220.358 149.952 361.605 149.952 0.133 0 0.267-0 0.4-0l-0.021 0c0.231 0 0.504 0.001 0.777 0.001 141.153 0 268.913-57.342 361.257-150.002l0.014-0.014c92.68-92.504 150.016-220.391 150.016-361.669 0-0.111-0-0.221-0-0.332l0 0.017c0-69.12-13.632-136.128-40.32-199.36zM512 938.688c-235.521-0.328-426.36-191.167-426.688-426.656l-0-0.032c0.328-235.521 191.167-426.36 426.656-426.688l0.032-0c235.521 0.328 426.36 191.167 426.688 426.656l0 0.032c-0.328 235.521-191.167 426.36-426.656 426.688l-0.032 0z",
          "M704 332.544l-180.928 180.928c-3.29-0.917-7.067-1.444-10.968-1.444-6.422 0-12.51 1.429-17.964 3.986l0.26-0.109-136.704-97.6-24.768 34.688 136.64 97.6c-0.128 1.344-0.128 2.688-0.128 4.16 0 23.488 19.2 42.688 42.688 42.688 23.57-0.101 42.638-19.231 42.638-42.816 0-3.891-0.519-7.661-1.492-11.244l0.069 0.3 180.8-180.928-30.080-30.080-0.064-0.192z",
          "M512 128c-0.291-0.001-0.635-0.001-0.979-0.001-105.725 0-201.404 43.014-270.491 112.495l-0.018 0.018c-69.502 69.173-112.513 164.911-112.513 270.694 0 0.279 0 0.558 0.001 0.836l-0-0.043c0 102.592 40 199.040 112.512 271.488 69.066 69.498 164.711 112.514 270.402 112.514 0.382 0 0.763-0.001 1.145-0.002l-0.059 0c102.592 0 199.040-40 271.488-112.512 69.498-69.066 112.514-164.711 112.514-270.402 0-0.382-0.001-0.763-0.002-1.145l0 0.059c0-102.592-40-199.040-112.512-271.488-69.066-69.498-164.711-112.514-270.402-112.514-0.382 0-0.763 0.001-1.145 0.002l0.059-0zM512 853.312c-188.428-0.182-341.13-152.884-341.312-341.294l-0-0.018c0.219-188.414 152.899-341.094 341.291-341.312l0.021-0c188.428 0.182 341.13 152.884 341.312 341.294l0 0.018c-0.219 188.414-152.899 341.094-341.291 341.312l-0.021 0z"
        ],
        "attrs": [
          {
            "opacity": 0.38
          },
          {
            "opacity": 0.38
          },
          {
            "opacity": 0.38
          }
        ],
        "isMulticolor": false,
        "isMulticolor2": false,
        "grid": 0,
        "tags": [
          "clock"
        ],
        "colorPermutations": {
          "154154154115815815811611711811224224224124119615125525525515273941": [
            {},
            {},
            {}
          ]
        }
      },
      "attrs": [
        {
          "opacity": 0.38
        },
        {
          "opacity": 0.38
        },
        {
          "opacity": 0.38
        }
      ],
      "properties": {
        "order": 175,
        "id": 34,
        "name": "clock",
        "prevSize": 32,
        "code": 59652
      },
      "setIdx": 0,
      "setId": 0,
      "iconIdx": 12
    },
    {
      "icon": {
        "paths": [
          "M1021.44 82.773l-80.213-80.213-429.227 428.971-429.227-429.056-80.384 80.299 428.971 429.227-428.971 429.227 80.384 80.299 429.227-428.971 429.141 428.971 80.384-80.384-429.056-429.141z"
        ],
        "attrs": [
          {
            "fill": "rgb(161, 171, 181)"
          }
        ],
        "isMulticolor": false,
        "isMulticolor2": false,
        "grid": 0,
        "tags": [
          "cross"
        ],
        "colorPermutations": {
          "154154154115815815811611711811224224224124119615125525525515273941": [
            {
              "f": 4
            }
          ]
        }
      },
      "attrs": [
        {
          "fill": "rgb(161, 171, 181)"
        }
      ],
      "properties": {
        "order": 176,
        "id": 33,
        "name": "cross",
        "prevSize": 32,
        "code": 59653
      },
      "setIdx": 0,
      "setId": 0,
      "iconIdx": 13
    },
    {
      "icon": {
        "paths": [
          "M1021.312 841.152l-1.28-22.4c-1.341-22.918-11.794-43.159-27.755-57.334l-0.085-0.074c-14.602-13.193-34.050-21.265-55.383-21.265-1.725 0-3.439 0.053-5.138 0.157l0.233-0.011-67.072 3.968c-2.377 0.138-4.536 0.366-6.663 0.689l0.391-0.049-76.8-76.288c38.4-52.16 59.2-117.888 59.2-191.68 0.32-54.144-11.84-102.656-35.008-143.616l53.12-53.44 64.832 3.264c22.208 1.152 43.52-6.464 60.16-21.44 16.576-14.976 26.24-35.456 27.456-57.6l1.088-22.4c0.066-1.238 0.103-2.688 0.103-4.147 0-44.623-34.967-81.078-78.995-83.46l-0.212-0.009-8.128-0.384-0.448-8.128c-1.323-22.941-11.779-43.208-27.755-57.398l-0.085-0.074c-14.619-13.155-34.062-21.201-55.385-21.201-1.725 0-3.437 0.053-5.136 0.156l0.233-0.011-22.4 1.28c-43.962 2.672-78.603 38.978-78.603 83.375 0 1.695 0.050 3.377 0.15 5.047l-0.011-0.23 3.84 67.072c0.128 2.048 0.32 4.16 0.64 6.208l-55.808 56.256c-51.392-22.848-113.28-33.984-181.568-32.192-62.848-1.792-120.128 7.552-168.96 26.88l-50.496-50.88c0.32-2.112 0.512-4.16 0.64-6.272l3.84-67.072c0.084-1.404 0.132-3.045 0.132-4.697 0-44.385-34.596-80.689-78.293-83.419l-0.239-0.012-22.4-1.28c-1.492-0.096-3.236-0.151-4.993-0.151-21.284 0-40.695 8.023-55.372 21.21l0.076-0.067c-16.64 14.912-26.56 35.264-27.84 57.472l-0.512 8.128-8.128 0.384c-44.268 2.358-79.271 38.828-79.271 83.473 0 1.457 0.037 2.906 0.111 4.345l-0.008-0.202 1.152 22.4c1.088 22.144 10.88 42.624 27.456 57.6s37.888 22.656 60.16 21.504l64.832-3.328 41.728 41.984c-27.712 43.264-41.984 95.872-41.6 155.008-0.064 78.72 23.68 148.096 67.008 201.792l-66.688 66.176c-1.733-0.28-3.869-0.508-6.033-0.632l-0.175-0.008-67.072-3.84c-1.5-0.097-3.252-0.152-5.017-0.152-21.288 0-40.695 8.051-55.344 21.273l0.073-0.065c-16.704 14.848-26.624 35.2-27.904 57.408l-1.28 22.4c-0.084 1.402-0.132 3.042-0.132 4.693 0 44.407 34.631 80.726 78.359 83.423l0.237 0.012 8.128 0.512 0.448 8.128c2.304 45.952 41.6 81.408 87.552 79.104l22.4-1.152c22.208-1.152 42.688-10.88 57.6-27.456 14.976-16.576 22.656-37.952 21.504-60.16l-3.328-64.832 52.16-51.776c13.312 16.64 33.472 27.52 56.32 27.52h10.24c20.288 0 38.656-8.448 51.84-21.952 13.248 13.504 31.616 21.888 51.904 21.888h10.176c20.288 0 38.72-8.384 51.84-21.888 13.248 13.504 31.616 21.888 51.968 21.888h10.112c27.52 0 51.2-15.552 63.552-38.208l62.976 62.528-3.264 64.896c-1.152 22.144 6.464 43.52 21.44 60.16 14.976 16.512 35.456 26.24 57.6 27.392l22.4 1.152c1.256 0.068 2.727 0.106 4.207 0.106 44.611 0 81.053-34.976 83.4-79.001l0.009-0.209 0.384-8.128 8.128-0.512c43.994-2.676 78.66-39.009 78.66-83.439 0-1.65-0.048-3.288-0.142-4.914l0.010 0.225zM801.536 184.768l-5.952-16.064c-0.988-2.439-1.671-5.265-1.913-8.216l-0.007-0.104-3.904-66.944c-0.032-0.513-0.050-1.112-0.050-1.715 0-15.717 12.263-28.57 27.743-29.513l0.083-0.004 22.4-1.28c0.491-0.029 1.066-0.046 1.644-0.046 7.573 0 14.478 2.859 19.695 7.557l-0.027-0.024c5.701 5.024 9.424 12.178 9.916 20.205l0.004 0.083 3.2 56.32 56.448 2.944c16.256 0.832 28.8 14.72 28.032 30.976l-1.152 22.4c-0.854 15.678-13.776 28.067-29.591 28.067-0.51 0-1.017-0.013-1.52-0.038l0.071 0.003-67.072-3.392c-1.6-0.128-3.072-0.512-4.608-0.832l-14.464-3.072-66.624 67.136c-2.944-3.2-5.696-6.528-8.832-9.6-9.541-9.249-19.885-17.805-30.87-25.51l-0.81-0.538 68.16-68.736zM183.488 221.952l-14.4 3.2c-1.536 0.256-3.072 0.64-4.672 0.704l-67.072 3.456c-0.451 0.025-0.979 0.039-1.51 0.039-15.803 0-28.711-12.398-29.527-27.998l-0.003-0.073-1.088-22.4c-0.023-0.432-0.035-0.937-0.035-1.446 0-15.802 12.396-28.709 27.995-29.527l0.073-0.003 56.32-2.88 3.328-56.384c0.843-15.582 13.683-27.897 29.4-27.897 0.645 0 1.285 0.021 1.919 0.062l-0.086-0.004 22.4 1.28c16.192 0.96 28.672 14.976 27.776 31.232l-3.904 67.136c-0.262 3.035-0.944 5.837-1.99 8.454l0.070-0.198-5.952 16.064 60.992 61.44c-16.028 10.105-29.956 21.083-42.63 33.348l0.070-0.068-0.128 0.192-57.344-57.728zM311.36 751.808l-93.76 92.992 3.136 14.464c0.32 1.472 0.704 3.008 0.768 4.608l3.456 67.072c0.022 0.427 0.035 0.927 0.035 1.43 0 7.652-2.932 14.619-7.734 19.839l0.019-0.021c-5.057 5.668-12.235 9.349-20.277 9.789l-0.075 0.003-22.4 1.088c-0.454 0.025-0.985 0.040-1.52 0.040-7.613 0-14.547-2.909-19.75-7.675l0.022 0.020c-5.662-5.061-9.341-12.237-9.789-20.276l-0.003-0.076-2.88-56.448-56.32-3.2c-15.592-0.914-27.89-13.781-27.89-29.52 0-0.602 0.018-1.2 0.053-1.793l-0.004 0.082 1.28-22.4c0.503-8.108 4.224-15.26 9.888-20.261l0.032-0.027c5.173-4.676 12.063-7.537 19.622-7.537 0.594 0 1.185 0.018 1.77 0.053l-0.081-0.004 67.136 3.84c3.041 0.284 5.841 0.988 8.453 2.055l-0.197-0.071 16.064 5.952 89.408-88.832c12.8 10.88 26.624 20.736 41.6 29.44v5.312zM655.424 706.56l-14.72 7.488v52.48c-0 10.321-8.367 18.688-18.688 18.688h-10.112c-10.321 0-18.688-8.367-18.688-18.688v0-35.648l-30.72 4.352c-3.84 0.512-7.744 1.024-11.648 1.408l-24.064 2.56v27.328c0 10.321-8.367 18.688-18.688 18.688l-0 0h-10.176c-10.321-0-18.688-8.367-18.688-18.688v0-27.264l-24.064-2.56c-5.637-0.607-9.602-1.127-13.545-1.71l1.961 0.238-30.72-4.352v35.648c0 10.321-8.367 18.688-18.688 18.688v0h-10.176c-10.321 0-18.688-8.367-18.688-18.688v0-52.48l-14.72-7.488c-84.864-43.52-131.648-125.056-131.648-229.888-0.384-66.112 19.712-119.488 59.712-158.528 49.28-48.192 128.832-73.088 223.552-70.4h1.6c94.912-2.752 174.272 22.208 223.616 70.4 40 39.040 60.096 92.352 59.712 158.528v0.128c0 104.64-46.784 186.24-131.712 229.76zM939.712 875.52l-56.32 3.2-2.944 56.448c-0.426 8.108-4.085 15.287-9.701 20.328l-0.027 0.024c-5.19 4.783-12.15 7.716-19.795 7.716-0.511 0-1.019-0.013-1.524-0.039l0.071 0.003-22.4-1.152c-8.117-0.443-15.295-4.124-20.327-9.763l-0.025-0.029c-4.783-5.199-7.715-12.166-7.715-19.818 0-0.503 0.013-1.003 0.038-1.5l-0.003 0.070 3.456-67.072c0.064-1.6 0.448-3.136 0.768-4.608l3.136-14.464-104-103.232c15.68-9.792 30.080-20.736 43.328-32.896l97.856 97.152 16.064-5.888c2.436-1.008 5.259-1.713 8.209-1.976l0.111-0.008 67.072-3.904c0.512-0.032 1.11-0.050 1.713-0.050 7.552 0 14.435 2.862 19.624 7.56l-0.025-0.022c5.677 5.033 9.378 12.187 9.852 20.208l0.004 0.080 1.28 22.4c0.032 0.513 0.050 1.112 0.050 1.715 0 15.717-12.263 28.57-27.743 29.513l-0.083 0.004z",
          "M325.632 468.736c-25.807 8.314-46.329 26.707-57.294 50.424l-0.242 0.584c-11.264 24.96-11.264 53.12 0 79.488 17.92 41.728 60.672 68.224 104.256 68.224 10.88 0 21.76-1.664 32.32-5.12 26.048-8.576 46.464-26.688 57.472-51.008 11.264-24.96 11.264-53.12 0-79.488-22.336-52.16-83.584-80.448-136.512-63.104zM425.344 594.688c-6.519 13.965-18.385 24.515-32.895 29.142l-0.385 0.106c-33.536 11.008-72.512-7.232-86.784-40.64-3.247-6.996-5.142-15.184-5.142-23.816 0-8.354 1.775-16.294 4.968-23.463l-0.146 0.367c6.519-13.965 18.385-24.515 32.895-29.142l0.385-0.106c6.592-2.176 13.44-3.2 20.224-3.2 27.712 0 55.040 17.024 66.56 43.84 3.247 6.996 5.142 15.184 5.142 23.816 0 8.354-1.775 16.294-4.968 23.463l0.146-0.367zM737.92 510.464c-11.207-24.263-31.702-42.629-56.805-50.757l-0.667-0.187c-52.992-17.408-114.24 10.88-136.576 63.040-5.353 11.696-8.473 25.372-8.473 39.776s3.12 28.080 8.722 40.387l-0.249-0.611c11.008 24.32 31.36 42.432 57.472 50.944 10.56 3.456 21.504 5.12 32.32 5.12 43.52 0 86.4-26.432 104.256-68.224 11.264-26.24 11.264-54.528 0-79.488zM700.8 574.080c-14.4 33.408-53.312 51.584-86.848 40.576-14.885-4.719-26.747-15.245-33.14-28.851l-0.14-0.333c-3.063-6.81-4.848-14.761-4.848-23.13 0-8.644 1.904-16.844 5.316-24.202l-0.148 0.356c14.336-33.408 53.248-51.584 86.848-40.576 14.885 4.719 26.747 15.245 33.14 28.851l0.14 0.333c6.464 14.528 6.4 31.168-0.384 46.976z"
        ],
        "attrs": [
          {
            "opacity": 0.38
          },
          {
            "opacity": 0.38
          }
        ],
        "isMulticolor": false,
        "isMulticolor2": false,
        "grid": 0,
        "tags": [
          "dead"
        ],
        "colorPermutations": {
          "154154154115815815811611711811224224224124119615125525525515273941": [
            {},
            {}
          ]
        }
      },
      "attrs": [
        {
          "opacity": 0.38
        },
        {
          "opacity": 0.38
        }
      ],
      "properties": {
        "order": 177,
        "id": 32,
        "name": "dead",
        "prevSize": 32,
        "code": 59654
      },
      "setIdx": 0,
      "setId": 0,
      "iconIdx": 14
    },
    {
      "icon": {
        "paths": [
          "M1013.44 577.216l-202.752-369.856v-79.808c-0.036-11.778-9.593-21.312-21.376-21.312-0 0-0 0-0 0l-554.624 0c-0-0-0-0-0-0-11.783 0-21.339 9.534-21.376 21.308l-0 0.004v79.872l-202.752 369.856c-6.72 12.16-10.56 26.176-10.56 40.96v256c0 47.040 38.272 85.312 85.312 85.312h853.376c47.040 0 85.312-38.272 85.312-85.312v-256c0-14.848-3.84-28.8-10.56-41.088zM768 148.928v298.624h-512v-298.624h512zM938.688 874.24h-853.376v-256h261.376c19.737 74.15 86.234 127.905 165.301 128l0.011 0c79.36 0 146.24-54.528 165.312-128h261.376v256zM661.312 532.928c-11.756 0.036-21.276 9.556-21.312 21.309l-0 0.003v21.312c0 70.528-57.472 128-128 128s-128-57.472-128-128v-21.312c-0.036-11.756-9.556-21.276-21.309-21.312l-0.003-0h-279.232l129.92-236.8v151.424h-42.688v42.688h682.624v-42.688h-42.624v-151.424l129.856 236.8h-279.232z",
          "M298.688 213.312h213.312v42.688h-213.312zM298.688 298.688h426.624v42.624h-426.624zM298.688 384h384v42.688h-384z"
        ],
        "attrs": [
          {
            "fill": "rgb(255, 255, 255)",
            "opacity": 0.7
          },
          {
            "fill": "rgb(255, 255, 255)",
            "opacity": 0.7
          }
        ],
        "isMulticolor": false,
        "isMulticolor2": false,
        "grid": 0,
        "tags": [
          "draft"
        ],
        "colorPermutations": {
          "154154154115815815811611711811224224224124119615125525525515273941": [
            {
              "f": 6
            },
            {
              "f": 6
            }
          ]
        }
      },
      "attrs": [
        {
          "fill": "rgb(255, 255, 255)",
          "opacity": 0.7
        },
        {
          "fill": "rgb(255, 255, 255)",
          "opacity": 0.7
        }
      ],
      "properties": {
        "order": 220,
        "id": 31,
        "name": "draft",
        "prevSize": 32,
        "code": 59655
      },
      "setIdx": 0,
      "setId": 0,
      "iconIdx": 15
    },
    {
      "icon": {
        "paths": [
          "M983.104 312.704c-53.952-125.888-145.728-217.408-272.64-271.552-58.408-25.848-126.528-40.896-198.162-40.896-0.196 0-0.393 0-0.589 0l0.031-0c-0.337-0.001-0.736-0.001-1.135-0.001-71.459 0-139.404 15.049-200.836 42.152l3.187-1.255c-125.824 54.016-218.56 145.472-272.64 271.552-25.489 57.896-40.325 125.396-40.325 196.36 0 0.807 0.002 1.614 0.006 2.42l-0-0.124c0 69.44 13.184 136.192 40.32 199.36 54.080 126.080 146.752 218.048 272.64 272.064 63.36 27.2 129.28 40.896 198.784 40.896 0.15 0 0.327 0 0.505 0 71.653 0 139.79-15.048 201.426-42.156l-3.211 1.259c126.912-54.144 218.688-146.24 272.64-272.064 27.2-63.36 40.896-129.92 40.896-199.36 0.001-0.314 0.001-0.686 0.001-1.058 0-71.464-15.049-139.413-42.152-200.85l1.255 3.189zM341.504 95.488c-44.16 55.936-76.672 127.040-97.408 213.312h-133.76c50.203-96.023 130.495-170.544 228.169-212.176l2.999-1.136zM62.144 511.488c0-48.768 7.808-95.808 22.976-141.12h146.688c-6.781 42.232-10.655 90.919-10.655 140.512s3.874 98.28 11.336 145.777l-0.681-5.265h-147.84c-13.84-41.687-21.824-89.677-21.824-139.532 0-0.153 0-0.306 0-0.459l-0 0.024zM110.272 713.024h133.824c20.736 87.872 53.184 160.064 97.408 215.552-101.414-42.632-182.016-118.161-230.052-212.983l-1.18-2.569zM480.384 956.544c-36.416-10.624-70.528-37.504-101.376-81.152-30.72-43.712-54.272-97.984-70.528-162.368h171.904v243.52zM480.384 651.392h-185.984c-6.759-41.808-10.817-90.256-11.198-139.579l-0.002-0.389c0-47.040 3.968-94.080 12.352-141.056h184.768v281.024zM480.384 308.8h-171.904c17.344-63.872 40.96-117.504 71.68-160.704 30.912-43.584 63.808-70.528 100.224-80.64v241.28zM913.664 308.8h-133.76c-20.736-86.272-53.184-157.376-97.408-213.312 100.701 42.751 181.018 117.276 230.028 210.789l1.204 2.523zM543.616 67.52c36.416 10.048 69.312 36.992 100.224 80.576 30.72 43.2 54.336 96.832 71.68 160.64h-171.904v-241.28zM543.616 370.368h184.768c8.384 47.040 12.352 94.080 12.352 141.056 0 43.712-3.968 90.176-11.2 139.968h-185.92v-281.024zM543.616 956.544v-243.584h171.904c-16.832 64.384-40.64 118.4-71.104 162.368-30.592 43.968-63.808 71.040-100.8 81.152zM682.496 928.576c44.16-55.488 76.672-127.68 97.408-215.552h133.76c-49.206 97.378-129.783 172.903-228.209 214.444l-2.959 1.108zM940.032 651.456h-147.84c6.793-42.242 10.675-90.94 10.675-140.544s-3.881-98.302-11.357-145.806l0.682 5.262h146.688c15.168 45.312 22.976 92.352 22.976 141.056 0 0.129 0 0.283 0 0.436 0 49.855-7.984 97.846-22.743 142.763l0.919-3.23z"
        ],
        "attrs": [
          {
            "fill": "rgb(154, 154, 154)"
          }
        ],
        "isMulticolor": false,
        "isMulticolor2": false,
        "grid": 0,
        "tags": [
          "earth-globe"
        ],
        "colorPermutations": {
          "154154154115815815811611711811224224224124119615125525525515273941": [
            {
              "f": 2
            }
          ]
        }
      },
      "attrs": [
        {
          "fill": "rgb(154, 154, 154)"
        }
      ],
      "properties": {
        "order": 179,
        "id": 30,
        "name": "earth-globe",
        "prevSize": 32,
        "code": 59656
      },
      "setIdx": 0,
      "setId": 0,
      "iconIdx": 16
    },
    {
      "icon": {
        "paths": [
          "M967.296 56.768c-34.836-35.065-83.084-56.768-136.402-56.768-0.129 0-0.257 0-0.386 0l0.020-0c-51.712 0-100.288 20.16-136.832 56.64l-71.424 71.488h-600.96c-11.756 0.036-21.276 9.556-21.312 21.309l-0 0.003v853.44c0 11.712 9.6 21.312 21.312 21.312h853.376c11.712 0 21.312-9.6 21.312-21.312v-600.96l71.36-71.296c34.989-35.056 56.625-83.449 56.625-136.896s-21.636-101.84-56.628-136.899l-0.061 0.003zM335.936 536.96l151.232 151.232-211.712 60.544 60.544-211.712zM518.208 659.008l-153.088-153.152 353.92-353.92 152.896 152.96-353.728 354.048zM853.312 981.568h-810.688v-810.816h536.96l-311.168 311.168c-4.956 4.991-8.697 11.196-10.739 18.128l-0.077 0.304-85.312 298.624c-1.076 3.562-1.695 7.655-1.695 11.892 0 23.505 19.055 42.56 42.56 42.56 4.183 0 8.225-0.603 12.044-1.728l-0.301 0.076 298.688-85.312c7.212-2.129 13.393-5.868 18.37-10.818l-0.002 0.002 311.232-311.232v536.96zM907.008 270.208l-4.8 4.8-153.088-153.088 4.8-4.8c19.502-19.609 46.5-31.744 76.333-31.744 0.074 0 0.148 0 0.223 0l-0.012-0c28.928 0 56 11.264 76.544 31.744 42.112 42.304 42.112 110.848 0 153.088z"
        ],
        "attrs": [
          {
            "opacity": 0.38
          }
        ],
        "isMulticolor": false,
        "isMulticolor2": false,
        "grid": 0,
        "tags": [
          "edit"
        ],
        "colorPermutations": {
          "154154154115815815811611711811224224224124119615125525525515273941": [
            {}
          ]
        }
      },
      "attrs": [
        {
          "opacity": 0.38
        }
      ],
      "properties": {
        "order": 180,
        "id": 29,
        "name": "edit",
        "prevSize": 32,
        "code": 59657
      },
      "setIdx": 0,
      "setId": 0,
      "iconIdx": 17
    },
    {
      "icon": {
        "paths": [
          "M938.688 170.688h-396.608l-72.768-72.832c-7.688-7.727-18.322-12.518-30.075-12.544l-0.005-0h-353.92c-47.040 0-85.312 38.272-85.312 85.376v682.624c0 47.104 38.272 85.376 85.312 85.376h853.376c47.040 0 85.312-38.272 85.312-85.376v-597.312c0-47.040-38.272-85.312-85.312-85.312zM938.688 853.312h-853.376v-426.624c0-47.104 38.272-85.376 85.376-85.376h682.624c47.104 0 85.376 38.272 85.376 85.376v426.624zM853.312 256h-682.624c-50.944 0-96.704 22.4-128 57.856v-143.168c0-23.488 19.2-42.688 42.624-42.688h353.92l72.768 72.768c7.688 7.727 18.322 12.518 30.075 12.544l0.005 0h396.608c23.424 0 42.624 19.2 42.624 42.688v57.856c-31.377-35.55-77.049-57.856-127.931-57.856-0.024 0-0.049 0-0.073 0l0.004-0z"
        ],
        "attrs": [
          {
            "fill": "rgb(255, 255, 255)",
            "opacity": 0.7
          }
        ],
        "isMulticolor": false,
        "isMulticolor2": false,
        "grid": 0,
        "tags": [
          "folder"
        ],
        "colorPermutations": {
          "154154154115815815811611711811224224224124119615125525525515273941": [
            {
              "f": 6
            }
          ]
        }
      },
      "attrs": [
        {
          "fill": "rgb(255, 255, 255)",
          "opacity": 0.7
        }
      ],
      "properties": {
        "order": 181,
        "id": 28,
        "name": "folder",
        "prevSize": 32,
        "code": 59658
      },
      "setIdx": 0,
      "setId": 0,
      "iconIdx": 18
    },
    {
      "icon": {
        "paths": [
          "M42.688 810.688h597.312v42.624h-597.312zM300.288 713.728l82.112 23.232 172.544-608.96h255.744v-85.312h-597.312v85.312h252.928zM990.080 704l-30.080-30.080-128 128-128-128-30.080 30.080 128 128-128 128 30.080 30.080 128-128 128 128 30.080-30.080-128-128z"
        ],
        "attrs": [
          {
            "opacity": 0.38
          }
        ],
        "isMulticolor": false,
        "isMulticolor2": false,
        "grid": 0,
        "tags": [
          "format-clear"
        ],
        "colorPermutations": {
          "154154154115815815811611711811224224224124119615125525525515273941": [
            {}
          ]
        }
      },
      "attrs": [
        {
          "opacity": 0.38
        }
      ],
      "properties": {
        "order": 182,
        "id": 27,
        "name": "format-clear",
        "prevSize": 32,
        "code": 59659
      },
      "setIdx": 0,
      "setId": 0,
      "iconIdx": 19
    },
    {
      "icon": {
        "paths": [
          "M631.447 0h-238.893v130.891h-301.899v218.293h56.2l62.765 674.816h604.762l62.765-674.816h56.2v-218.293h-301.899v-130.891zM450.018 59.994h124.024v70.897h-124.085v-70.897zM762.157 964.006h-500.314l-57.224-614.822h614.761l-57.224 614.822zM875.881 190.886v98.304h-727.763v-98.244h727.763z",
          "M483.268 465.98h60.235v381.35h-60.235zM636.988 465.98l-17.107 381.35h57.585l17.107-381.289zM387.012 465.98h-57.585l17.107 381.35h57.585z"
        ],
        "attrs": [
          {
            "opacity": 0.38
          },
          {
            "opacity": 0.38
          }
        ],
        "isMulticolor": false,
        "isMulticolor2": false,
        "grid": 0,
        "tags": [
          "garbage"
        ],
        "colorPermutations": {
          "154154154115815815811611711811224224224124119615125525525515273941": [
            {},
            {}
          ]
        }
      },
      "attrs": [
        {
          "opacity": 0.38
        },
        {
          "opacity": 0.38
        }
      ],
      "properties": {
        "order": 183,
        "id": 26,
        "name": "garbage",
        "prevSize": 32,
        "code": 59660
      },
      "setIdx": 0,
      "setId": 0,
      "iconIdx": 20
    },
    {
      "icon": {
        "paths": [
          "M554.342 353.792c-12.736-3.575-27.361-5.63-42.466-5.63-30.128 0-58.347 8.176-82.559 22.429l0.763-0.415c-37.234 21.65-64.69 56.648-76.024 98.29l-0.264 1.141c-3.575 12.736-5.63 27.361-5.63 42.466 0 30.128 8.176 58.347 22.429 82.559l-0.415-0.763c21.65 37.234 56.648 64.69 98.29 76.024l1.141 0.264c12.756 3.593 27.406 5.659 42.537 5.659 30.125 0 58.338-8.187 82.536-22.457l-0.759 0.414c49.252-28.972 81.787-81.711 81.787-142.048 0-30.043-8.066-58.201-22.15-82.429l0.421 0.785c-21.679-37.267-56.738-64.733-98.445-76.025l-1.139-0.263zM573.44 618.394c-17.594 10.371-38.763 16.498-61.363 16.498-11.318 0-22.277-1.537-32.681-4.413l0.86 0.203c-32.14-8.645-58.432-29.263-74.338-56.659l-0.312-0.582c-10.371-17.594-16.498-38.763-16.498-61.363 0-11.318 1.537-22.277 4.413-32.681l-0.203 0.86c8.645-32.14 29.263-58.432 56.659-74.338l0.582-0.312c17.597-10.369 38.768-16.494 61.37-16.494 11.315 0 22.272 1.535 32.674 4.409l-0.86-0.203c52.763 14.623 90.854 62.219 90.854 118.711 0 45.145-24.325 84.609-60.584 105.999l-0.574 0.313z",
          "M533.248 432.896c-6.392-1.807-13.734-2.846-21.318-2.846-15.065 0-29.173 4.1-41.268 11.245l0.378-0.207c-18.67 10.809-32.419 28.363-38.015 49.252l-0.129 0.565c-5.632 21.146-2.816 43.264 8.192 62.208s28.57 32.512 49.818 38.144c6.407 1.824 13.765 2.873 21.369 2.873 15.052 0 29.143-4.111 41.213-11.271l-0.374 0.205c18.67-10.809 32.419-28.363 38.015-49.252l0.129-0.565c5.632-21.248 2.816-43.264-8.192-62.208-10.852-18.633-28.388-32.364-49.247-38.013l-0.57-0.131zM551.578 522.598c-2.848 10.718-9.74 19.48-18.902 24.729l-0.196 0.103c-5.855 3.467-12.905 5.516-20.433 5.516-3.787 0-7.453-0.518-10.931-1.488l0.286 0.068c-17.593-4.961-30.272-20.868-30.272-39.736 0-3.711 0.49-7.307 1.41-10.728l-0.066 0.288c2.848-10.718 9.74-19.48 18.902-24.729l0.196-0.103c5.892-3.422 12.965-5.442 20.51-5.442 3.72 0 7.326 0.491 10.756 1.412l-0.289-0.066c17.642 4.928 30.368 20.859 30.368 39.763 0 3.701-0.488 7.289-1.403 10.702l0.066-0.288z",
          "M928.102 610.406l-91.648-52.992c4.198-30.208 4.198-60.928 0.102-90.982l91.648-52.89c24.665-14.439 40.969-40.805 40.969-70.98 0-15.115-4.091-29.275-11.226-41.432l0.209 0.386-40.96-70.912c-14.421-24.634-40.754-40.918-70.891-40.918-15.070 0-29.189 4.072-41.316 11.175l0.386-0.209-91.648 52.89c-22.73-17.815-48.728-33.073-76.655-44.612l-2.193-0.803v-105.83c-0.145-45.164-36.748-81.731-81.912-81.818l-0.008-0h-82.125c-21.76 0-42.24 8.448-57.702 23.91-15.616 15.514-24.064 36.096-24.064 58.010v105.83c-16.206 6.645-29.673 13.338-42.605 20.85l1.645-0.882c-13.21 7.731-25.907 16.179-37.786 25.395l-91.648-52.992c-11.688-6.97-25.776-11.090-40.827-11.090-7.627 0-15.007 1.058-22.001 3.036l0.569-0.137c-21.146 5.632-38.81 19.2-49.664 38.093l-40.704 70.912c-6.964 11.792-11.078 25.984-11.078 41.137 0 30.087 16.219 56.385 40.391 70.628l0.383 0.209 91.853 53.043c-2.016 13.779-3.167 29.687-3.167 45.863 0 15.912 1.114 31.565 3.268 46.883l-0.203-1.764-91.648 52.992c-24.665 14.439-40.969 40.805-40.969 70.98 0 15.115 4.091 29.275 11.226 41.432l-0.209-0.386 40.96 70.912c14.421 24.634 40.754 40.918 70.891 40.918 15.070 0 29.189-4.072 41.316-11.175l-0.386 0.209 91.802-52.992c23.91 18.688 50.534 33.894 78.746 45.414l-0.154 106.138c0.087 45.141 36.672 81.708 81.812 81.766l0.006 0h82.176c21.709 0 42.189-8.397 57.702-23.91 15.462-15.462 24.064-36.096 24.064-58.010l0.154-105.984c16.224-6.654 29.641-13.279 42.552-20.686l-1.745 0.923c13.312-7.68 25.958-16.282 37.888-25.498l91.494 52.89c18.944 11.008 41.114 13.978 62.259 8.192 21.094-5.632 38.758-19.2 49.664-38.144l40.806-70.912c6.951-11.779 11.058-25.955 11.058-41.089 0-30.132-16.279-56.463-40.522-70.676l-0.386-0.209 0.051-0.102zM846.182 752.23l-116.48-67.43c-5.868-3.467-12.931-5.515-20.472-5.515-10.934 0-20.863 4.306-28.182 11.315l0.015-0.014c-13.722 12.954-29.184 24.474-46.080 34.304-16.384 9.421-34.048 17.152-52.634 22.63-16.964 5.278-29.085 20.795-29.184 39.156l-0 0.012-0.205 134.912h-81.92l0.102-134.912c-0.017-18.426-12.168-34.010-28.893-39.193l-0.291-0.078c-38.489-11.815-71.588-31.416-98.893-57.105l0.128 0.12c-7.328-6.895-17.225-11.132-28.112-11.132-7.558 0-14.639 2.042-20.722 5.605l0.194-0.105-116.736 67.43-40.96-70.912 116.736-67.43c12.31-7.219 20.444-20.385 20.444-35.452 0-3.409-0.416-6.72-1.201-9.886l0.059 0.282c-4.229-16.997-6.655-36.509-6.655-56.589 0-20.311 2.482-40.041 7.16-58.906l-0.352 1.677c0.722-2.877 1.136-6.179 1.136-9.578 0-15.085-8.154-28.265-20.296-35.373l-0.194-0.105-116.838-67.584 40.96-70.758 116.736 67.43c5.876 3.479 12.951 5.534 20.506 5.534 10.918 0 20.833-4.293 28.15-11.284l-0.016 0.015c27.098-25.635 60.182-45.235 96.918-56.475l1.744-0.459c16.993-5.236 29.137-20.777 29.184-39.163l0-0.005v-134.81h81.92v134.81c0 18.074 11.981 34.048 29.184 39.27 38.509 11.807 71.625 31.41 98.945 57.106l-0.129-0.12c7.298 6.89 17.166 11.125 28.024 11.125 7.535 0 14.594-2.040 20.655-5.598l-0.192 0.104 116.736-67.328 40.96 70.912-116.736 67.328c-12.31 7.219-20.444 20.385-20.444 35.452 0 3.409 0.416 6.72 1.201 9.886l-0.059-0.282c4.225 16.989 6.649 36.493 6.649 56.563 0 20.302-2.48 40.024-7.154 58.881l0.352-1.677c-0.722 2.877-1.136 6.179-1.136 9.578 0 15.085 8.154 28.265 20.296 35.373l0.194 0.105 116.838 67.584-40.96 70.81z"
        ],
        "attrs": [
          {
            "opacity": 0.38
          },
          {
            "opacity": 0.38
          },
          {
            "opacity": 0.38
          }
        ],
        "isMulticolor": false,
        "isMulticolor2": false,
        "grid": 0,
        "tags": [
          "gear"
        ],
        "colorPermutations": {
          "154154154115815815811611711811224224224124119615125525525515273941": [
            {},
            {},
            {}
          ]
        }
      },
      "attrs": [
        {
          "opacity": 0.38
        },
        {
          "opacity": 0.38
        },
        {
          "opacity": 0.38
        }
      ],
      "properties": {
        "order": 184,
        "id": 25,
        "name": "gear",
        "prevSize": 32,
        "code": 59661
      },
      "setIdx": 0,
      "setId": 0,
      "iconIdx": 21
    },
    {
      "icon": {
        "paths": [
          "M1013.568 513.728l-205.504-374.656c-3.704-6.638-10.678-11.056-18.686-11.072l-0.002-0h-554.688c-8.006 0.030-14.974 4.444-18.632 10.964l-0.056 0.108-205.44 374.656c-6.72 12.096-10.56 26.112-10.56 40.896v256c0 47.040 38.272 85.312 85.312 85.312h853.376c47.040 0 85.312-38.272 85.312-85.312v-256c0-14.784-3.84-28.8-10.56-40.96h0.128zM938.752 810.624h-853.312v-256h261.312c19.737 74.15 86.234 127.905 165.301 128l0.011 0c79.36 0 146.304-54.528 165.376-128h261.312v256zM661.44 469.312c-0-0-0-0-0-0-11.783 0-21.339 9.534-21.376 21.308l-0 0.004v21.312c0 70.528-57.472 128-128 128s-128-57.472-128-128v-21.312c-0.036-11.756-9.556-21.276-21.309-21.312l-0.003-0h-279.232l163.904-298.688h529.472l163.84 298.688h-279.296z"
        ],
        "attrs": [
          {
            "fill": "rgb(255, 255, 255)"
          }
        ],
        "isMulticolor": false,
        "isMulticolor2": false,
        "grid": 0,
        "tags": [
          "inbox"
        ],
        "colorPermutations": {
          "154154154115815815811611711811224224224124119615125525525515273941": [
            {
              "f": 6
            }
          ]
        }
      },
      "attrs": [
        {
          "fill": "rgb(255, 255, 255)"
        }
      ],
      "properties": {
        "order": 222,
        "id": 24,
        "name": "inbox",
        "prevSize": 32,
        "code": 59662
      },
      "setIdx": 0,
      "setId": 0,
      "iconIdx": 22
    },
    {
      "icon": {
        "paths": [
          "M140.529 110.411h843.294v80.354h-843.294zM140.529 873.412h843.294v40.177h-843.294zM259.253 654.336l-102.039-102.159h224.256v-80.354h-224.256l102.159-102.159-56.862-56.862-170.647 170.707c-7.269 7.279-11.764 17.33-11.764 28.431s4.495 21.152 11.765 28.432l-0-0 170.647 170.647 56.742-56.742zM461.824 391.529h521.999v40.177h-521.999zM461.824 512h521.999v40.177h-521.999zM461.824 632.471h521.999v40.177h-521.999zM461.824 752.941h521.999v40.177h-521.999zM461.824 271.059h521.999v40.177h-521.999z"
        ],
        "attrs": [
          {
            "opacity": 0.38
          }
        ],
        "isMulticolor": false,
        "isMulticolor2": false,
        "grid": 0,
        "tags": [
          "indent-decrease"
        ],
        "colorPermutations": {
          "154154154115815815811611711811224224224124119615125525525515273941": [
            {}
          ]
        }
      },
      "attrs": [
        {
          "opacity": 0.38
        }
      ],
      "properties": {
        "order": 186,
        "id": 23,
        "name": "indent-decrease",
        "prevSize": 32,
        "code": 59663
      },
      "setIdx": 0,
      "setId": 0,
      "iconIdx": 23
    },
    {
      "icon": {
        "paths": [
          "M883.471 110.411h-843.294v80.354h843.294zM883.471 873.412h-843.294v40.177h843.294zM764.747 654.336l102.039-102.159h-224.256v-80.354h224.256l-102.159-102.159 56.862-56.862 170.647 170.707c15.721 15.661 15.721 41.141 0 56.862l-170.647 170.647-56.742-56.742zM562.176 391.529h-521.999v40.177h521.999zM562.176 512h-521.999v40.177h521.999zM562.176 632.471h-521.999v40.177h521.999zM562.176 752.941h-521.999v40.177h521.999zM562.176 271.059h-521.999v40.177h521.999z"
        ],
        "attrs": [
          {
            "opacity": 0.38
          }
        ],
        "isMulticolor": false,
        "isMulticolor2": false,
        "grid": 0,
        "tags": [
          "indent-increase"
        ],
        "colorPermutations": {
          "154154154115815815811611711811224224224124119615125525525515273941": [
            {}
          ]
        }
      },
      "attrs": [
        {
          "opacity": 0.38
        }
      ],
      "properties": {
        "order": 187,
        "id": 22,
        "name": "indent-increase",
        "prevSize": 32,
        "code": 59664
      },
      "setIdx": 0,
      "setId": 0,
      "iconIdx": 24
    },
    {
      "icon": {
        "paths": [
          "M902.071 73.143v-48.786h-292.571v48.786h78.336l-461.897 877.714h-104.009v48.786h292.571v-48.786h-78.336l461.897-877.714z"
        ],
        "attrs": [
          {
            "opacity": 0.38
          }
        ],
        "isMulticolor": false,
        "isMulticolor2": false,
        "grid": 0,
        "tags": [
          "italic"
        ],
        "colorPermutations": {
          "154154154115815815811611711811224224224124119615125525525515273941": [
            {}
          ]
        }
      },
      "attrs": [
        {
          "opacity": 0.38
        }
      ],
      "properties": {
        "order": 188,
        "id": 21,
        "name": "italic",
        "prevSize": 32,
        "code": 59665
      },
      "setIdx": 0,
      "setId": 0,
      "iconIdx": 25
    },
    {
      "icon": {
        "paths": [
          "M938.688 448h-853.376c-47.040 0-85.312 39.744-85.312 88.64v398.72c0 48.96 38.272 88.64 85.312 88.64h853.376c47.040 0 85.312-39.744 85.312-88.64v-398.72c0-48.96-38.272-88.64-85.312-88.64zM938.688 935.36h-853.376v-398.72h853.376v398.72c0.128 0 0 0 0 0z",
          "M128 850.304h85.312v45.696h-85.312v-45.696zM256 896h256v-45.696h-256v45.696zM554.688 896h42.624v-45.696h-42.624v45.696zM640 896h42.688v-45.696h-42.688v45.696zM256 758.848h-128v45.696h128v-45.696zM213.312 667.456h-85.312v45.696h85.312v-45.696zM170.688 576h-42.688v45.696h42.688v-45.696zM256 576h-42.688v45.696h42.688v-45.696zM341.312 576h-42.624v45.696h42.624v-45.696zM426.688 576h-42.688v45.696h42.688v-45.696zM512 576h-42.688v45.696h42.688v-45.696zM597.312 576h-42.624v45.696h42.624v-45.696zM640 621.696h42.688v-45.696h-42.688v45.696zM256 713.152h42.688v-45.696h-42.688v45.696zM341.312 713.152h42.688v-45.696h-42.688v45.696zM426.688 713.152h42.624v-45.696h-42.624v45.696zM554.688 667.456h-42.688v45.696h42.688v-45.696zM597.312 713.152h85.376v-45.696h-85.376v45.696zM554.688 804.544h128v-45.696h-128v45.696zM469.312 804.544h42.688v-45.696h-42.688v45.696zM384 804.544h42.688v-45.696h-42.688v45.696zM298.688 804.544h42.624v-45.696h-42.624v45.696zM853.312 896h42.688v-45.696h-42.688v45.696zM853.312 804.544h42.688v-45.696h-42.688v45.696zM853.312 713.152h42.688v-45.696h-42.688v45.696zM853.312 621.696h42.688v-45.696h-42.688v45.696zM768 896h42.688v-45.696h-42.688v45.696zM768 804.544h42.688v-45.696h-42.688v45.696zM768 713.152h42.688v-45.696h-42.688v45.696zM768 621.696h42.688v-45.696h-42.688v45.696zM439.488 145.728v238.272h80.832v-238.272l62.464 65.92 57.216-60.48-131.392-138.624c-7.15-7.684-17.319-12.475-28.608-12.475s-21.458 4.791-28.586 12.451l-0.022 0.024-131.392 138.624 57.216 60.416 62.336-65.856z"
        ],
        "attrs": [
          {
            "opacity": 0.38
          },
          {
            "opacity": 0.38
          }
        ],
        "isMulticolor": false,
        "isMulticolor2": false,
        "grid": 0,
        "tags": [
          "keyboard-show"
        ],
        "colorPermutations": {
          "154154154115815815811611711811224224224124119615125525525515273941": [
            {},
            {}
          ]
        }
      },
      "attrs": [
        {
          "opacity": 0.38
        },
        {
          "opacity": 0.38
        }
      ],
      "properties": {
        "order": 189,
        "id": 20,
        "name": "keyboard-show",
        "prevSize": 32,
        "code": 59666
      },
      "setIdx": 0,
      "setId": 0,
      "iconIdx": 26
    },
    {
      "icon": {
        "paths": [
          "M967.111 0h-910.222v1024h910.222v-1024zM111.161 54.044h93.298v915.911h-93.298v-915.911zM912.839 969.956h-654.165v-915.911h654.222v915.911z",
          "M796.444 455.111v-227.556h-455.111v227.556h455.111zM394.126 281.088h349.525v120.548h-349.525v-120.604z"
        ],
        "attrs": [
          {
            "fill": "rgb(158, 158, 158)"
          },
          {
            "fill": "rgb(158, 158, 158)"
          }
        ],
        "isMulticolor": false,
        "isMulticolor2": false,
        "grid": 0,
        "tags": [
          "login"
        ],
        "colorPermutations": {
          "154154154115815815811611711811224224224124119615125525525515273941": [
            {
              "f": 3
            },
            {
              "f": 3
            }
          ]
        }
      },
      "attrs": [
        {
          "fill": "rgb(158, 158, 158)"
        },
        {
          "fill": "rgb(158, 158, 158)"
        }
      ],
      "properties": {
        "order": 190,
        "id": 19,
        "name": "login",
        "prevSize": 32,
        "code": 59667
      },
      "setIdx": 0,
      "setId": 0,
      "iconIdx": 27
    },
    {
      "icon": {
        "paths": [
          "M372.352 558.528h535.296l-116.352 186.24h93.056l139.648-232.768-139.648-232.704h-93.056l116.352 186.176h-535.296z",
          "M0 1024h744.704v-302.528h-93.056v209.408h-558.528v-837.76h558.528v209.408h93.056v-302.528h-744.704z"
        ],
        "attrs": [
          {
            "opacity": 0.1444
          },
          {
            "opacity": 0.1444
          }
        ],
        "isMulticolor": false,
        "isMulticolor2": false,
        "grid": 0,
        "tags": [
          "logout"
        ],
        "colorPermutations": {
          "154154154115815815811611711811224224224124119615125525525515273941": [
            {},
            {}
          ]
        }
      },
      "attrs": [
        {
          "opacity": 0.1444
        },
        {
          "opacity": 0.1444
        }
      ],
      "properties": {
        "order": 191,
        "id": 18,
        "name": "logout",
        "prevSize": 32,
        "code": 59668
      },
      "setIdx": 0,
      "setId": 0,
      "iconIdx": 28
    },
    {
      "icon": {
        "paths": [
          "M981.333 600.519v-22.187c0-85.333-67.015-154.852-149.333-154.852-7.282 0-14.279 1.195-21.333 2.276v-223.46c0-48.811-38.286-88.519-85.333-88.519h-640c-47.047 0-85.333 39.708-85.333 88.519v442.425c0 48.811 38.286 88.519 85.333 88.519h554.667v132.722c0 24.405 19.172 44.26 42.667 44.26h298.667c23.495 0 42.667-19.854 42.667-44.26v-221.241c0-24.348-19.172-44.203-42.667-44.203zM832 467.74c58.823 0 106.667 49.664 106.667 110.649v22.13h-213.333v-22.187c0-60.928 47.844-110.592 106.667-110.592zM85.333 158.037h640c0.91 0 1.65 0.455 2.503 0.512l-304.924 259.584c-5.104 3.095-11.273 4.927-17.87 4.927-5.769 0-11.21-1.401-16.003-3.88l0.195 0.092-306.404-260.722c0.91-0.057 1.65-0.569 2.503-0.569zM640 644.722v44.26h-554.667c-23.495 0-42.667-19.854-42.667-44.26v-442.425c0-6.258 1.308-12.231 3.584-17.636l317.838 270.222c12.402 8.42 26.738 12.857 41.301 12.857 16.291-0.033 31.33-5.365 43.492-14.363l-0.2 0.141 315.733-268.857c2.276 5.404 3.641 11.378 3.641 17.636v236.772c-51.051 26.104-85.392 78.329-85.392 138.575 0 0.262 0.001 0.525 0.002 0.787l-0-0.040v22.13c-23.495 0-42.667 19.854-42.667 44.203zM981.333 866.020h-298.667v-221.298h298.667v221.184z",
          "M810.667 770.674v28.956c0 12.231 9.557 22.073 21.333 22.073 11.831-0.222 21.336-9.865 21.336-21.728 0-0.121-0.001-0.242-0.003-0.363l0 0.018v-28.956c12.803-7.774 21.246-21.608 21.333-37.42l0-0.013c0-24.405-19.172-44.26-42.667-44.26s-42.667 19.911-42.667 44.26c0 16.156 8.818 29.696 21.333 37.433z"
        ],
        "attrs": [
          {
            "opacity": 0.1444
          },
          {
            "opacity": 0.1444
          }
        ],
        "isMulticolor": false,
        "isMulticolor2": false,
        "grid": 0,
        "tags": [
          "mail"
        ],
        "colorPermutations": {
          "154154154115815815811611711811224224224124119615125525525515273941": [
            {},
            {}
          ]
        }
      },
      "attrs": [
        {
          "opacity": 0.1444
        },
        {
          "opacity": 0.1444
        }
      ],
      "properties": {
        "order": 192,
        "id": 17,
        "name": "mail",
        "prevSize": 32,
        "code": 59669
      },
      "setIdx": 0,
      "setId": 0,
      "iconIdx": 29
    },
    {
      "icon": {
        "paths": [
          "M256 202.688h725.312v85.312h-725.312zM256 501.312h725.312v85.376h-725.312zM256 800h725.312v85.312h-725.312zM85.312 190.080v140.608h42.688v-192c0-0.039 0-0.086 0-0.133 0-11.77-9.542-21.312-21.312-21.312-5.902 0-11.244 2.399-15.104 6.276l-0.001 0.001-57.728 57.728 30.144 30.144 21.312-21.312zM170.688 480c0-19.2-7.36-36.288-20.544-48-11.394-9.942-26.398-16.004-42.817-16.004-0.247 0-0.494 0.001-0.74 0.004l0.037-0c-16.384 0-31.808 5.76-43.456 16.128-12.617 11.577-20.497 28.142-20.497 46.548 0 0.51 0.006 1.020 0.018 1.527l-0.001-0.075v21.312h42.624v-21.312c0-20.416 17.792-21.312 21.376-21.312 5.888 0 11.328 1.856 15.168 5.312 4.16 3.584 6.144 9.088 6.144 16.128 0 26.112-14.528 38.4-38.272 56.32-20.928 15.36-47.040 34.816-47.040 71.424 0 11.712 9.6 21.312 21.312 21.312h106.688v-42.624h-75.392c4.992-4.992 11.648-9.984 19.904-16.256 23.488-17.664 55.488-41.6 55.488-90.432zM125.888 802.944l40.512-54.144c11.75-0.027 21.264-9.559 21.264-21.312 0-11.77-9.542-21.312-21.312-21.312-6.943 0-13.11 3.32-17.001 8.459l-0.039 0.053h-106.624v42.624h64l-38.4 51.2c-11.75 0.027-21.264 9.559-21.264 21.312 0 11.77 9.542 21.312 21.312 21.312 6.943 0 13.11-3.32 17.001-8.459l0.039-0.053h21.312c11.292 0.638 20.207 9.95 20.207 21.344s-8.915 20.706-20.151 21.341l-0.056 0.003h-64v42.688h64c0.004 0 0.008 0 0.012 0 35.346 0 64-28.654 64-64 0-28.495-18.622-52.64-44.359-60.93l-0.453-0.126z"
        ],
        "attrs": [
          {
            "opacity": 0.38
          }
        ],
        "isMulticolor": false,
        "isMulticolor2": false,
        "grid": 0,
        "tags": [
          "ordered-list"
        ],
        "colorPermutations": {
          "154154154115815815811611711811224224224124119615125525525515273941": [
            {}
          ]
        }
      },
      "attrs": [
        {
          "opacity": 0.38
        }
      ],
      "properties": {
        "order": 193,
        "id": 16,
        "name": "ordered-list",
        "prevSize": 32,
        "code": 59670
      },
      "setIdx": 0,
      "setId": 0,
      "iconIdx": 30
    },
    {
      "icon": {
        "paths": [
          "M1009.344 55.296c-7.438-6.486-17.23-10.44-27.946-10.44-6.363 0-12.4 1.394-17.822 3.893l0.265-0.109-938.88 426.688c-14.962 6.854-25.168 21.699-25.168 38.927 0 19.434 12.987 35.835 30.755 40.998l0.302 0.075 267.84 76.352v309.184c-0 0.007-0 0.015-0 0.023 0 23.541 19.083 42.624 42.624 42.624 14.723 0 27.702-7.464 35.36-18.815l0.096-0.151 149.952-224.576 222.272 111.168c5.518 2.772 12.025 4.396 18.912 4.396 19.269 0 35.57-12.71 40.975-30.204l0.081-0.304 213.312-725.184c1.092-3.61 1.721-7.758 1.721-12.054 0-12.874-5.648-24.429-14.602-32.322l-0.047-0.041v-0.128zM165.888 504.96l600.704-273.088-409.728 327.872c-0.918-0.386-2.151-0.821-3.408-1.201l-0.304-0.079-187.2-53.504zM384 800v-200.448c0.001-0.102 0.002-0.223 0.002-0.343 0-2.14-0.187-4.236-0.545-6.273l0.031 0.216 446.848-357.44-351.104 421.888-2.688 3.584-92.544 138.816zM741.504 752l-201.472-100.8 357.312-429.504-155.84 530.304z"
        ],
        "attrs": [
          {
            "fill": "rgb(255, 255, 255)",
            "opacity": 0.7
          }
        ],
        "isMulticolor": false,
        "isMulticolor2": false,
        "grid": 0,
        "tags": [
          "paper-plane"
        ],
        "colorPermutations": {
          "154154154115815815811611711811224224224124119615125525525515273941": [
            {
              "f": 6
            }
          ]
        }
      },
      "attrs": [
        {
          "fill": "rgb(255, 255, 255)",
          "opacity": 0.7
        }
      ],
      "properties": {
        "order": 219,
        "id": 15,
        "name": "paper-plane",
        "prevSize": 32,
        "code": 59671
      },
      "setIdx": 0,
      "setId": 0,
      "iconIdx": 31
    },
    {
      "icon": {
        "paths": [
          "M902.071 146.286h-243.785c-53.76 0-97.499 43.739-97.499 97.499v243.858c0 53.76 43.739 97.499 97.499 97.499h238.958c-23.647 112.017-121.598 194.909-238.94 195.072l-0.018 0h-48.786v97.499h48.786c0.267 0.001 0.583 0.001 0.9 0.001 93.98 0 179.032-38.224 240.457-99.973l0.014-0.015c61.764-61.44 99.987-146.492 99.987-240.472 0-0.316-0-0.633-0.001-0.949l0 0.049v-292.571c-0-53.76-43.739-97.499-97.573-97.499zM658.286 243.785h243.785v243.858h-243.785v-243.858zM365.714 146.286h-243.785c-53.906 0-97.573 43.739-97.573 97.499v243.858c0 53.76 43.739 97.499 97.573 97.499h238.885c-23.641 111.993-121.555 194.873-238.862 195.072l-0.022 0h-48.786v97.499h48.786c0.267 0.001 0.583 0.001 0.9 0.001 93.98 0 179.032-38.224 240.457-99.973l0.014-0.015c61.72-61.433 99.915-146.456 99.915-240.399 0-0.342-0.001-0.683-0.002-1.025l0 0.053v-292.571c0-53.76-43.739-97.499-97.499-97.499zM121.929 243.785h243.785v243.858h-243.785v-243.858z"
        ],
        "attrs": [
          {
            "opacity": 0.38
          }
        ],
        "isMulticolor": false,
        "isMulticolor2": false,
        "grid": 0,
        "tags": [
          "quote-right"
        ],
        "colorPermutations": {
          "154154154115815815811611711811224224224124119615125525525515273941": [
            {}
          ]
        }
      },
      "attrs": [
        {
          "opacity": 0.38
        }
      ],
      "properties": {
        "order": 195,
        "id": 14,
        "name": "quote-right",
        "prevSize": 32,
        "code": 59672
      },
      "setIdx": 0,
      "setId": 0,
      "iconIdx": 32
    },
    {
      "icon": {
        "paths": [
          "M1014.374 201.728l-194.56-194.765c-4.688-4.317-10.971-6.964-17.873-6.964-0.052 0-0.105 0-0.157 0l0.008-0h-733.73c-37.567 0.116-67.985 30.558-68.062 68.123l-0 0.007v887.74c0.077 37.572 30.495 68.014 68.051 68.13l0.011 0h887.876c37.567-0.116 67.985-30.558 68.062-68.123l0-0.007v-735.915c-1.661-7.11-5.028-13.272-9.649-18.253l0.023 0.025zM701.713 51.541v228.147c0 1.434-1.365 1.434-1.365 1.434h-70.997v-229.581h72.363zM576.649 51.541v229.581h-254.362c-1.365 0-1.365-1.365-1.365-1.365v-228.284h255.727zM237.5 972.732v-318.805c0-59.733 48.606-108.407 108.339-108.407h348.843c59.806 0.155 108.232 48.654 108.271 108.472l0 0.004v318.601l-565.385 0.137zM971.23 955.938c-0.076 9.22-7.511 16.679-16.714 16.793l-0.011 0h-100.079v-318.805c-0.537-88.048-71.712-159.295-159.681-159.948l-0.063-0h-347.477c-88.056 0.654-159.245 71.939-159.744 159.969l-0 0.048v318.601h-119.467c-9.22-0.076-16.679-7.511-16.793-16.714l-0-0.011v-887.74c0-8.329 6.963-16.725 16.725-16.725h201.455v228.147c0 29.286 23.689 52.838 52.77 52.838h377.993c29.144 0 52.77-23.626 52.77-52.77 0-0.024-0-0.048-0-0.072l0 0.004v-228.011h38.912l179.2 179.473 0.205 724.992zM707.243 820.975c0 0.041 0 0.089 0 0.137 0 13.724-11.125 24.849-24.849 24.849-0.048 0-0.096-0-0.144-0l0.007 0h-318.259c-0.041 0-0.089 0-0.137 0-13.724 0-24.849-11.125-24.849-24.849 0-0.048 0-0.096 0-0.144l-0 0.007c0-13.926 11.059-24.986 24.986-24.986h316.757c15.292 0 26.487 11.059 26.487 24.986zM707.243 687.445c0.001 0.061 0.001 0.133 0.001 0.205 0 13.724-11.125 24.849-24.849 24.849-0.048 0-0.097-0-0.145-0l0.007 0h-318.259c-0.041 0-0.089 0-0.137 0-13.724 0-24.849-11.125-24.849-24.849 0-0.072 0-0.144 0.001-0.216l-0 0.011c0-13.858 11.059-24.986 24.986-24.986h316.757c15.292-1.502 26.487 9.694 26.487 24.986z"
        ],
        "attrs": [
          {
            "opacity": 0.38
          }
        ],
        "isMulticolor": false,
        "isMulticolor2": false,
        "grid": 0,
        "tags": [
          "save-disk"
        ],
        "colorPermutations": {
          "154154154115815815811611711811224224224124119615125525525515273941": [
            {}
          ]
        }
      },
      "attrs": [
        {
          "opacity": 0.38
        }
      ],
      "properties": {
        "order": 196,
        "id": 13,
        "name": "save-disk",
        "prevSize": 32,
        "code": 59673
      },
      "setIdx": 0,
      "setId": 0,
      "iconIdx": 33
    },
    {
      "icon": {
        "paths": [
          "M93.76 93.76c57.6-57.917 137.344-93.761 225.459-93.761 0.275 0 0.549 0 0.823 0.001l-0.043-0c85.44 0 165.888 33.28 226.24 93.76 57.917 57.6 93.761 137.344 93.761 225.459 0 0.275-0 0.549-0.001 0.823l0-0.043c0.001 0.256 0.001 0.559 0.001 0.863 0 73.051-24.675 140.338-66.146 193.982l0.544-0.733 48 48c11.556-4.661 24.956-7.365 38.988-7.365 29.417 0 56.058 11.884 75.384 31.113l-0.004-0.004 256.128 256c41.472 41.6 41.472 109.312-0.128 150.912-19.32 19.213-45.953 31.089-75.36 31.089-29.471 0-56.155-11.928-75.49-31.219l0.002 0.002-256.128-256.128c-19.16-19.301-31.002-45.89-31.002-75.246 0-13.986 2.688-27.345 7.576-39.587l-0.254 0.72-48-48c-52.896 40.887-120.153 65.538-193.167 65.538-0.355 0-0.71-0.001-1.064-0.002l0.055 0c-0.258 0.001-0.565 0.001-0.871 0.001-88.075 0-167.784-35.819-225.356-93.684l-0.013-0.014c-57.918-57.63-93.761-137.399-93.761-225.539 0-0.269 0-0.538 0.001-0.807l-0 0.042c0.064-85.44 33.344-165.888 93.76-226.24zM320 554.688c129.542-0.182 234.506-105.147 234.688-234.671l0-0.017c-0.182-129.542-105.147-234.506-234.671-234.688l-0.017-0c-129.542 0.182-234.506 105.147-234.688 234.671l-0 0.017c0.182 129.542 105.147 234.506 234.671 234.688l0.017 0z"
        ],
        "attrs": [
          {
            "fill": "rgb(255, 255, 255)"
          }
        ],
        "isMulticolor": false,
        "isMulticolor2": false,
        "grid": 0,
        "tags": [
          "search"
        ],
        "colorPermutations": {
          "154154154115815815811611711811224224224124119615125525525515273941": [
            {
              "f": 6
            }
          ]
        }
      },
      "attrs": [
        {
          "fill": "rgb(255, 255, 255)"
        }
      ],
      "properties": {
        "order": 197,
        "id": 12,
        "name": "search",
        "prevSize": 32,
        "code": 59674
      },
      "setIdx": 0,
      "setId": 0,
      "iconIdx": 34
    },
    {
      "icon": {
        "paths": [
          "M1024 53.312h-256c-0.019-0-0.042-0-0.064-0-23.541 0-42.624 19.083-42.624 42.624 0 0.023 0 0.045 0 0.068l-0-0.004v256h85.376v-176.64c78.928 77.535 127.879 185.359 128 304.617l0 0.023c-0.328 235.521-191.167 426.36-426.656 426.688l-0.032 0c-235.521-0.328-426.36-191.167-426.688-426.656l-0-0.032c-0-0.176-0-0.384-0-0.592 0-148.99 76.535-280.105 192.434-356.173l1.615-0.995-46.72-71.36c-140.89 92.461-232.641 249.704-232.641 428.377 0 0.261 0 0.523 0.001 0.784l-0-0.041c-0 0.231-0.001 0.504-0.001 0.777 0 141.153 57.342 268.913 150.002 361.257l0.014 0.014c92.351 92.636 220.086 149.953 361.207 149.953 0.295 0 0.591-0 0.886-0.001l-0.045 0c0.212 0 0.462 0 0.713 0 141.153 0 268.913-57.342 361.257-150.002l0.014-0.014c92.674-92.358 150.016-220.118 150.016-361.271 0-0.251-0-0.501-0.001-0.752l0 0.039c0-0.042 0-0.092 0-0.142 0-87.617-22.008-170.093-60.797-242.203l1.341 2.728c-20.789-38.684-44.373-72.067-71.463-102.239l0.423 0.479h130.432v-85.248z",
          "M218.816 274.688c-6.262 7.405-10.068 17.060-10.068 27.605 0 11.092 4.212 21.201 11.124 28.814l-0.032-0.036 229.76 250.112c1.984 2.048 4.224 4.416 7.040 6.784l0.128 0.128c16 13.312 35.456 19.904 54.912 19.904 0.069 0 0.15 0 0.232 0 47.117 0 85.312-38.195 85.312-85.312 0-29.884-15.366-56.18-38.627-71.417l-0.325-0.2-283.712-184.64c-6.553-4.304-14.585-6.864-23.215-6.864-13.039 0-24.712 5.846-32.542 15.060l-0.051 0.061zM535.744 487.168c11.5 7.754 18.963 20.732 18.963 35.454 0 10.549-3.832 20.203-10.18 27.646l0.049-0.059c-7.983 9.293-19.747 15.143-32.879 15.143-10.495 0-20.117-3.737-27.609-9.953l0.071 0.058c-1.385-1.237-2.659-2.49-3.87-3.802l-0.034-0.038-228.8-249.536 284.224 185.152z"
        ],
        "attrs": [
          {
            "opacity": 0.38
          },
          {
            "opacity": 0.38
          }
        ],
        "isMulticolor": false,
        "isMulticolor2": false,
        "grid": 0,
        "tags": [
          "self-timer"
        ],
        "colorPermutations": {
          "154154154115815815811611711811224224224124119615125525525515273941": [
            {},
            {}
          ]
        }
      },
      "attrs": [
        {
          "opacity": 0.38
        },
        {
          "opacity": 0.38
        }
      ],
      "properties": {
        "order": 198,
        "id": 11,
        "name": "self-timer",
        "prevSize": 32,
        "code": 59675
      },
      "setIdx": 0,
      "setId": 0,
      "iconIdx": 35
    },
    {
      "icon": {
        "paths": [
          "M0 849.977h1024v57.173h-1024zM109.568 699.904c-25.6 0-49.152-9.216-67.584-26.567-15.36-14.279-24.576-33.678-29.696-60.302l-7.168-38.684 76.8-13.255 7.168 38.798c2.048 10.24 5.12 15.303 6.144 16.327 4.096 3.072 9.216 5.12 15.36 5.12 18.432-1.024 35.84-11.264 52.224-24.519-11.652-12.484-21.852-26.567-30.181-41.817l-0.539-1.077c-27.489-49.514-43.669-108.585-43.669-171.436 0-61.328 15.406-119.059 42.56-169.531l-0.939 1.909c18.432-33.621 38.912-58.14 63.488-74.524 34.816-23.438 77.824-28.558 112.64-14.222 31.744 13.255 57.344 41.813 68.608 79.644 9.216 30.606 8.192 62.236 6.144 87.78-8.335 90.524-35.805 173.113-78.317 245.838l1.517-2.808c-7.168 13.255-17.408 29.582-27.648 46.933 21.504 8.192 44.032 9.216 65.536-1.024 18.432-8.135 31.744-23.438 49.152-45.909 18.432-22.471 28.672-42.894 33.792-65.365 3.577-18.032 19.27-31.437 38.094-31.437 2.828 0 5.586 0.303 8.242 0.877l-0.256-0.046c15.36 3.015 27.648 15.303 30.72 30.606 6.144 15.36 38.912 76.572 47.104 87.836l3.072 5.12c18.432 25.486 28.672 37.717 39.936 34.702 18.432-4.096 34.816-24.519 51.2-48.014 17.408-24.462 30.72-53.077 38.912-81.692 4.095-15.591 17.42-27.147 33.649-28.548l0.143-0.010c1.271-0.149 2.744-0.233 4.236-0.233 15.155 0 28.269 8.741 34.575 21.456l0.101 0.225 21.504 42.837c19.456 38.798 36.864 69.404 62.464 84.764 16.384 10.24 37.888 13.255 56.32 8.192 12.288-3.072 16.384-9.216 31.744-34.702l19.456-33.735 67.584 39.822-19.456 33.678c-16.384 27.591-34.816 59.221-78.848 70.485-11.43 3.057-24.553 4.813-38.086 4.813-28.623 0-55.411-7.855-78.326-21.528l0.701 0.387c-35.84-20.48-58.368-54.158-75.776-84.764-5.12 9.216-10.24 17.351-16.384 25.543-19.456 26.51-49.152 67.356-98.304 78.62-62.464 14.279-98.304-35.726-119.808-64.341l-5.12-8.192s-10.24-15.303-21.504-34.702c-4.096 5.12-8.192 10.24-12.288 16.327-18.432 22.471-40.96 50.062-76.8 67.413-49.152 22.471-102.4 16.327-148.48-7.168-29.696 29.582-65.536 52.11-110.592 54.158h-5.12zM265.216 195.47c-10.41 0.068-20.007 3.495-27.776 9.25l0.128-0.090c-13.312 9.216-25.6 24.519-37.888 46.99-43.008 80.668-41.984 184.832 2.048 265.5 3.072 6.087 7.168 12.231 12.288 18.375 9.216-14.279 16.384-27.591 22.528-37.774 36.864-65.365 60.416-137.842 66.56-211.399 2.048-18.375 3.072-39.822-3.072-58.197-4.096-14.279-13.312-25.486-23.552-30.606-3.342-1.205-7.2-1.947-11.218-2.047l-0.046-0.001z"
        ],
        "attrs": [
          {
            "opacity": 0.38
          }
        ],
        "isMulticolor": false,
        "isMulticolor2": false,
        "grid": 0,
        "tags": [
          "sign"
        ],
        "colorPermutations": {
          "154154154115815815811611711811224224224124119615125525525515273941": [
            {}
          ]
        }
      },
      "attrs": [
        {
          "opacity": 0.38
        }
      ],
      "properties": {
        "order": 199,
        "id": 10,
        "name": "sign",
        "prevSize": 32,
        "code": 59676
      },
      "setIdx": 0,
      "setId": 0,
      "iconIdx": 36
    },
    {
      "icon": {
        "paths": [
          "M1022.592 416c-4.196-15.92-16.999-28.017-33.012-31.125l-0.268-0.043-308.16-59.072-129.984-299.968c-6.7-15.338-21.737-25.862-39.232-25.862s-32.532 10.524-39.125 25.587l-0.107 0.275-129.92 299.968-308.224 59.072c-19.946 3.755-34.834 21.038-34.834 41.8 0 13.188 6.007 24.972 15.434 32.767l0.072 0.057 235.456 196.16-78.784 315.264c-0.801 3.099-1.26 6.656-1.26 10.32 0 13.859 6.575 26.182 16.775 34.021l0.101 0.075c7.091 5.387 16.066 8.63 25.799 8.63 7.761 0 15.041-2.062 21.321-5.668l-0.209 0.111 277.568-158.528 277.44 158.528c6.071 3.496 13.351 5.558 21.113 5.558 9.733 0 18.709-3.243 25.906-8.707l-0.106 0.077c10.31-7.888 16.893-20.198 16.893-34.045 0-3.683-0.466-7.258-1.342-10.668l0.065 0.296-78.72-315.264 235.392-196.16c9.432-7.874 15.389-19.635 15.389-32.788 0-3.814-0.501-7.512-1.441-11.030l0.068 0.298zM697.92 607.168c-9.392 7.919-15.317 19.691-15.317 32.848 0 3.63 0.451 7.154 1.3 10.52l-0.063-0.296 61.12 244.352-211.84-121.088c-6.096-3.532-13.413-5.616-21.216-5.616s-15.12 2.084-21.423 5.727l0.207-0.11-211.84 121.088 61.056-244.224c0.829-3.126 1.304-6.716 1.304-10.416 0-13.125-5.986-24.851-15.376-32.599l-0.072-0.058-186.624-155.712 241.664-46.464c14.038-2.785 25.415-12.155 30.933-24.687l0.107-0.273 99.968-230.208 99.84 230.4c5.619 12.833 17.031 22.216 30.835 24.916l0.269 0.044 241.728 46.336-186.624 155.456z"
        ],
        "attrs": [
          {
            "fill": "rgb(255, 255, 255)",
            "opacity": 0.7
          }
        ],
        "isMulticolor": false,
        "isMulticolor2": false,
        "grid": 0,
        "tags": [
          "star"
        ],
        "colorPermutations": {
          "154154154115815815811611711811224224224124119615125525525515273941": [
            {
              "f": 6
            }
          ]
        }
      },
      "attrs": [
        {
          "fill": "rgb(255, 255, 255)",
          "opacity": 0.7
        }
      ],
      "properties": {
        "order": 225,
        "id": 9,
        "name": "star",
        "prevSize": 32,
        "code": 59677
      },
      "setIdx": 0,
      "setId": 0,
      "iconIdx": 37
    },
    {
      "icon": {
        "paths": [
          "M0 85.312h1024v85.376h-1024zM170.688 256h682.624v42.688h-682.624zM42.688 384h938.624v42.688h-938.624zM213.312 512h597.376v42.688h-597.376zM0 640h1024v42.688h-1024zM128 768h768v42.688h-768zM85.312 896h853.376v42.688h-853.376z"
        ],
        "attrs": [
          {
            "opacity": 0.38
          }
        ],
        "isMulticolor": false,
        "isMulticolor2": false,
        "grid": 0,
        "tags": [
          "text-align-center"
        ],
        "colorPermutations": {
          "154154154115815815811611711811224224224124119615125525525515273941": [
            {}
          ]
        }
      },
      "attrs": [
        {
          "opacity": 0.38
        }
      ],
      "properties": {
        "order": 201,
        "id": 8,
        "name": "text-align-center",
        "prevSize": 32,
        "code": 59678
      },
      "setIdx": 0,
      "setId": 0,
      "iconIdx": 38
    },
    {
      "icon": {
        "paths": [
          "M0 85.312h1024v85.376h-1024zM0 256h682.688v42.688h-682.688zM0 384h938.688v42.688h-938.688zM0 512h725.312v42.688h-725.312zM0 640h1024v42.688h-1024zM0 768h640v42.688h-640zM0 896h896v42.688h-896z"
        ],
        "attrs": [
          {
            "opacity": 0.38
          }
        ],
        "isMulticolor": false,
        "isMulticolor2": false,
        "grid": 0,
        "tags": [
          "text-align-left"
        ],
        "colorPermutations": {
          "154154154115815815811611711811224224224124119615125525525515273941": [
            {}
          ]
        }
      },
      "attrs": [
        {
          "opacity": 0.38
        }
      ],
      "properties": {
        "order": 202,
        "id": 7,
        "name": "text-align-left",
        "prevSize": 32,
        "code": 59679
      },
      "setIdx": 0,
      "setId": 0,
      "iconIdx": 39
    },
    {
      "icon": {
        "paths": [
          "M1024 85.312h-1024v85.376h1024zM1024 256h-682.688v42.688h682.688zM1024 384h-938.688v42.688h938.688zM1024 512h-725.312v42.688h725.312zM1024 640h-1024v42.688h1024zM1024 768h-640v42.688h640zM1024 896h-896v42.688h896z"
        ],
        "attrs": [
          {
            "opacity": 0.38
          }
        ],
        "isMulticolor": false,
        "isMulticolor2": false,
        "grid": 0,
        "tags": [
          "text-align-right"
        ],
        "colorPermutations": {
          "154154154115815815811611711811224224224124119615125525525515273941": [
            {}
          ]
        }
      },
      "attrs": [
        {
          "opacity": 0.38
        }
      ],
      "properties": {
        "order": 203,
        "id": 6,
        "name": "text-align-right",
        "prevSize": 32,
        "code": 59680
      },
      "setIdx": 0,
      "setId": 0,
      "iconIdx": 40
    },
    {
      "icon": {
        "paths": [
          "M21.312 981.312h853.376v42.688h-853.376zM263.36 554.688h369.152l128.512 284.288 77.76-35.2-352-778.688c-6.815-14.963-21.639-25.176-38.848-25.176s-32.033 10.214-38.739 24.91l-0.109 0.266-352 778.688 77.76 35.2 128.512-284.288zM448 146.24l145.984 323.072h-291.904l145.92-323.072z"
        ],
        "attrs": [
          {
            "opacity": 0.6
          }
        ],
        "width": 896,
        "isMulticolor": false,
        "isMulticolor2": false,
        "grid": 0,
        "tags": [
          "text-color"
        ],
        "colorPermutations": {
          "154154154115815815811611711811224224224124119615125525525515273941": [
            {}
          ]
        }
      },
      "attrs": [
        {
          "opacity": 0.6
        }
      ],
      "properties": {
        "order": 204,
        "id": 5,
        "name": "text-color",
        "prevSize": 32,
        "code": 59681
      },
      "setIdx": 0,
      "setId": 0,
      "iconIdx": 41
    },
    {
      "icon": {
        "paths": [
          "M950.857 24.357h-877.714v97.573h390.071v877.714h97.573v-877.714h390.071z"
        ],
        "attrs": [
          {
            "opacity": 0.38
          }
        ],
        "isMulticolor": false,
        "isMulticolor2": false,
        "grid": 0,
        "tags": [
          "text-size"
        ],
        "colorPermutations": {
          "154154154115815815811611711811224224224124119615125525525515273941": [
            {}
          ]
        }
      },
      "attrs": [
        {
          "opacity": 0.38
        }
      ],
      "properties": {
        "order": 205,
        "id": 4,
        "name": "text-size",
        "prevSize": 32,
        "code": 59682
      },
      "setIdx": 0,
      "setId": 0,
      "iconIdx": 42
    },
    {
      "icon": {
        "paths": [
          "M1024 85.312h-768v85.376h341.312v768h85.376v-768h341.312z",
          "M0 554.688h170.688v384h85.312v-384h170.688v-85.376h-426.688z"
        ],
        "attrs": [
          {
            "opacity": 0.38
          },
          {
            "opacity": 0.38
          }
        ],
        "isMulticolor": false,
        "isMulticolor2": false,
        "grid": 0,
        "tags": [
          "text-size-alt"
        ],
        "colorPermutations": {
          "154154154115815815811611711811224224224124119615125525525515273941": [
            {},
            {}
          ]
        }
      },
      "attrs": [
        {
          "opacity": 0.38
        },
        {
          "opacity": 0.38
        }
      ],
      "properties": {
        "order": 206,
        "id": 3,
        "name": "text-size-alt",
        "prevSize": 32,
        "code": 59683
      },
      "setIdx": 0,
      "setId": 0,
      "iconIdx": 43
    },
    {
      "icon": {
        "paths": [
          "M0 981.312h768v42.688h-768zM384 853.312c164.85-0.218 298.433-133.779 298.688-298.599l0-0.025v-554.688h-85.376v554.688c-0.182 117.736-95.576 213.13-213.295 213.312l-0.017 0c-117.736-0.182-213.13-95.576-213.312-213.295l-0-0.017v-554.688h-85.376v554.688c0.255 164.845 133.838 298.406 298.667 298.624l0.021 0z"
        ],
        "attrs": [
          {
            "opacity": 0.38
          }
        ],
        "width": 768,
        "isMulticolor": false,
        "isMulticolor2": false,
        "grid": 0,
        "tags": [
          "underline"
        ],
        "colorPermutations": {
          "154154154115815815811611711811224224224124119615125525525515273941": [
            {}
          ]
        }
      },
      "attrs": [
        {
          "opacity": 0.38
        }
      ],
      "properties": {
        "order": 207,
        "id": 2,
        "name": "underline",
        "prevSize": 32,
        "code": 59684
      },
      "setIdx": 0,
      "setId": 0,
      "iconIdx": 44
    },
    {
      "icon": {
        "paths": [
          "M73.143 219.429c-26.843 0-48.786 21.943-48.786 48.786 0 26.77 21.943 48.713 48.786 48.713s48.786-21.943 48.786-48.713c0-26.843-21.943-48.786-48.786-48.786zM73.143 463.214c-26.843 0-48.786 21.943-48.786 48.786s21.943 48.786 48.786 48.786c26.843 0 48.786-21.943 48.786-48.786s-21.943-48.786-48.786-48.786zM73.143 707.072c-26.843 0-48.786 21.943-48.786 48.713 0 26.843 21.943 48.786 48.786 48.786s48.786-21.943 48.786-48.786c0-26.77-21.943-48.713-48.786-48.713zM219.429 219.429h780.215v97.499h-780.215zM219.429 463.214h780.215v97.573h-780.215zM219.429 707.072h780.215v97.499h-780.215z"
        ],
        "attrs": [
          {
            "opacity": 0.38
          }
        ],
        "isMulticolor": false,
        "isMulticolor2": false,
        "grid": 0,
        "tags": [
          "unorder-list"
        ],
        "colorPermutations": {
          "154154154115815815811611711811224224224124119615125525525515273941": [
            {}
          ]
        }
      },
      "attrs": [
        {
          "opacity": 0.38
        }
      ],
      "properties": {
        "order": 208,
        "id": 1,
        "name": "unorder-list",
        "prevSize": 32,
        "code": 59685
      },
      "setIdx": 0,
      "setId": 0,
      "iconIdx": 45
    },
    {
      "icon": {
        "paths": [
          "M1011.456 287.488l-274.944-274.944c-7.688-7.727-18.322-12.518-30.075-12.544l-0.005-0h-388.928c-11.76 0.011-22.399 4.805-30.077 12.541l-0.003 0.003-275.008 274.944c-7.727 7.688-12.518 18.322-12.544 30.075l-0 0.005v388.8c0 11.392 4.544 22.144 12.544 30.144l274.944 274.944c7.703 7.742 18.363 12.536 30.142 12.544l388.802 0c11.392 0 22.144-4.48 30.144-12.544l274.944-274.944c7.727-7.688 12.518-18.322 12.544-30.075l0-0.005v-388.864c0-0.007 0-0.016 0-0.025 0-11.775-4.796-22.429-12.541-30.117l-0.003-0.003zM938.688 688.704l-249.984 249.984h-353.344l-249.984-250.048v-353.28l249.984-249.984h353.472l249.856 249.984v353.28z",
          "M662.272 128h-300.544c-5.877 0.025-11.19 2.417-15.040 6.272l-0 0-212.416 212.416c-3.855 3.85-6.247 9.163-6.272 15.035l-0 0.005v300.544c0 5.568 2.24 11.072 6.272 15.040l212.416 212.416c3.85 3.855 9.163 6.247 15.035 6.272l0.005 0h300.544c5.877-0.025 11.19-2.417 15.040-6.272l0-0 212.416-212.416c3.855-3.85 6.247-9.163 6.272-15.035l0-0.005v-300.544c-0.025-5.877-2.417-11.19-6.272-15.040l-0-0-212.416-212.416c-3.85-3.855-9.163-6.247-15.035-6.272l-0.005-0zM853.312 653.44l-199.808 199.872h-282.944l-199.872-199.808v-282.944l199.872-199.872h282.816l200 199.872v282.88z",
          "M469.312 256h85.376v341.312h-85.376zM469.312 682.688h85.376v85.312h-85.376z"
        ],
        "attrs": [
          {
            "fill": "rgb(255, 255, 255)",
            "opacity": 0.7
          },
          {
            "fill": "rgb(255, 255, 255)",
            "opacity": 0.7
          },
          {
            "fill": "rgb(255, 255, 255)",
            "opacity": 0.7
          }
        ],
        "isMulticolor": false,
        "isMulticolor2": false,
        "grid": 0,
        "tags": [
          "warning"
        ],
        "colorPermutations": {
          "154154154115815815811611711811224224224124119615125525525515273941": [
            {
              "f": 6
            },
            {
              "f": 6
            },
            {
              "f": 6
            }
          ]
        }
      },
      "attrs": [
        {
          "fill": "rgb(255, 255, 255)",
          "opacity": 0.7
        },
        {
          "fill": "rgb(255, 255, 255)",
          "opacity": 0.7
        },
        {
          "fill": "rgb(255, 255, 255)",
          "opacity": 0.7
        }
      ],
      "properties": {
        "order": 221,
        "id": 0,
        "name": "warning",
        "prevSize": 32,
        "code": 59686
      },
      "setIdx": 0,
      "setId": 0,
      "iconIdx": 46
    }
  ],
  "height": 1024,
  "metadata": {
    "name": "icomoon"
  },
  "preferences": {
    "showGlyphs": true,
    "showQuickUse": true,
    "showQuickUse2": true,
    "showSVGs": true,
    "fontPref": {
      "prefix": "icon-",
      "metadata": {
        "fontFamily": "icomoon"
      },
      "metrics": {
        "emSize": 1024,
        "baseline": 6.25,
        "whitespace": 50
      },
      "embed": false
    },
    "imagePref": {
      "prefix": "icon-",
      "png": true,
      "useClassSelector": true,
      "color": 0,
      "bgColor": 16777215,
      "classSelector": ".icon"
    },
    "historySize": 50,
    "showCodes": true,
    "gridSize": 16
  }
}